Name,Tm,Lg,G,PA,AB,R,H,2B,3B,HR,RBI,SB,CS,BB,SO,BA,OBP,SLG,OPS,OPS+,TB,GDP,HBP,SH,SF,IBB,Name-additional
José Abreu,CHW,AL,60,262,240,43,76,15,0,19,60,0,0,18,59,.317,.370,.617,.987,165,148,10,3,0,1,1,abreujo02
Ronald Acuna Jr.,ATL,NL,46,202,160,46,40,11,0,14,29,8,1,38,60,.250,.406,.581,.987,156,93,3,4,0,0,2,acunaro01
Willy Adames,TBR,AL,54,205,185,29,48,15,1,8,23,2,1,20,74,.259,.332,.481,.813,126,89,4,0,0,0,0,adamewi01
Austin Adams,SDP,NL,1,1,1,0,0,0,0,0,0,0,0,0,1,.000,.000,.000,.000,-100,0,0,0,0,0,0,adamsau02
Matt Adams*,ATL,NL,16,51,49,4,9,2,0,2,9,0,0,2,18,.184,.216,.347,.563,45,17,3,0,0,0,0,adamsma01
Jo Adell,LAA,AL,38,132,124,9,20,4,0,3,7,0,1,7,55,.161,.212,.266,.478,30,33,3,1,0,0,0,adelljo01
Ehire Adrianza#,MIN,AL,44,101,89,10,17,7,0,0,3,1,0,11,23,.191,.287,.270,.557,57,24,3,1,0,0,0,adriaeh01
Jesús Aguilar,MIA,NL,51,216,188,31,52,10,0,8,34,0,1,23,40,.277,.352,.457,.809,117,86,5,1,0,4,0,aguilje01
Nick Ahmed,ARI,NL,57,217,199,29,53,10,1,5,29,4,0,18,46,.266,.327,.402,.729,97,80,3,0,0,0,0,ahmedni01
Shogo Akiyama*,CIN,NL,54,183,155,16,38,6,1,0,9,7,3,25,34,.245,.357,.297,.654,74,46,1,2,0,0,0,akiyash01
Hanser Alberto,BAL,AL,54,231,219,35,62,15,0,3,22,3,0,5,30,.283,.306,.393,.698,88,86,6,3,2,2,0,alberha01
Ozzie Albies#,ATL,NL,29,124,118,21,32,5,0,6,19,3,1,5,30,.271,.306,.466,.773,100,55,0,1,0,0,0,albieoz01
Sergio Alcántara#,DET,AL,10,23,21,2,3,0,1,1,1,0,0,2,4,.143,.217,.381,.598,60,8,0,0,0,0,0,alcanse01
Jorge Alfaro,MIA,NL,31,100,93,12,21,2,0,3,16,2,0,4,36,.226,.280,.344,.624,68,32,2,3,0,0,1,alfarjo01
Anthony Alford,TOT,MLB,18,29,28,5,6,0,1,2,7,3,0,1,8,.214,.241,.500,.741,96,14,0,0,0,0,0,alforan01
Anthony Alford,TOR,AL,13,16,16,3,3,0,0,1,3,3,0,0,7,.188,.188,.375,.563,49,6,0,0,0,0,0,alforan01
Anthony Alford,PIT,NL,5,13,12,2,3,0,1,1,4,0,0,1,1,.250,.308,.667,.974,155,8,0,0,0,0,0,alforan01
Austin Allen*,OAK,AL,14,32,31,1,6,1,0,1,3,0,0,1,14,.194,.219,.323,.541,49,10,0,0,0,0,0,allenau01
Greg Allen#,TOT,MLB,16,32,26,4,4,1,0,1,4,2,0,3,10,.154,.281,.308,.589,62,8,0,2,0,1,0,allengr01
Greg Allen#,CLE,AL,15,28,25,3,4,1,0,1,4,1,0,1,9,.160,.214,.320,.534,44,8,0,1,0,1,0,allengr01
Greg Allen#,SDP,NL,1,4,1,1,0,0,0,0,0,1,0,2,1,.000,.750,.000,.750,138,0,0,1,0,0,0,allengr01
Abraham Almonte#,SDP,NL,7,13,11,0,1,0,0,0,0,1,1,2,4,.091,.231,.091,.322,-5,1,0,0,0,0,0,almonab01
Albert Almora,CHC,NL,28,34,30,4,5,1,0,0,1,0,0,3,9,.167,.265,.200,.465,29,6,0,1,0,0,0,almoral01
Pete Alonso,NYM,NL,57,239,208,31,48,6,0,16,35,1,0,24,61,.231,.326,.490,.817,122,102,4,6,0,1,4,alonspe01
Dan Altavilla,TOT,MLB,1,0,0,0,0,0,0,0,0,0,0,0,0,,,,,,0,0,0,0,0,0,altavda01
Dan Altavilla,SEA,AL,1,0,0,0,0,0,0,0,0,0,0,0,0,,,,,,0,0,0,0,0,0,altavda01
Jose Altuve,HOU,AL,48,210,192,32,42,9,0,5,18,2,3,17,39,.219,.286,.344,.629,71,66,5,1,0,0,0,altuvjo01
Eddy Alvarez*,MIA,NL,12,41,37,6,7,1,0,0,2,2,0,3,16,.189,.268,.216,.485,34,8,0,1,0,0,0,alvared01
Yordan Alvarez*,HOU,AL,2,9,8,2,2,0,0,1,4,0,0,0,1,.250,.333,.625,.958,153,5,1,1,0,0,0,alvaryo01
Brian Anderson,MIA,NL,59,229,200,27,51,7,1,11,38,0,0,22,66,.255,.345,.465,.810,116,93,2,6,0,1,1,anderbr06
Tim Anderson,CHW,AL,49,221,208,45,67,11,1,10,21,5,2,10,50,.322,.357,.529,.886,140,110,4,2,0,1,0,anderti01
Elvis Andrus,TEX,AL,29,111,103,11,20,5,0,3,7,3,1,8,15,.194,.252,.330,.582,60,34,5,0,0,0,0,andruel01
Miguel Andújar,NYY,AL,21,65,62,5,15,2,1,1,5,0,0,3,9,.242,.277,.355,.632,75,22,1,0,0,0,0,andujmi01
Sherten Apostel,TEX,AL,7,21,20,1,2,1,0,0,0,0,0,1,9,.100,.143,.150,.293,-19,3,0,0,0,0,0,apostsh01
Aristides Aquino,CIN,NL,23,56,47,7,8,1,0,2,8,1,0,6,18,.170,.304,.319,.623,63,15,1,3,0,0,0,aquinar01
Jonathan Araúz#,BOS,AL,25,80,72,8,18,2,0,1,9,0,0,8,21,.250,.325,.319,.644,73,23,0,0,0,0,0,arauzjo01
Orlando Arcia,MIL,NL,59,189,173,22,45,10,1,5,20,2,0,14,32,.260,.317,.416,.734,95,72,10,1,0,1,0,arciaor01
Nolan Arenado,COL,NL,48,201,182,23,46,9,0,8,26,0,0,15,20,.253,.303,.434,.738,86,79,7,0,0,4,3,arenano01
Randy Arozarena,TBR,AL,23,76,64,15,18,2,0,7,11,4,0,6,22,.281,.382,.641,1.022,182,41,2,5,0,1,0,arozara01
Luis Arraez*,MIN,AL,32,121,112,16,36,9,0,0,13,0,0,8,11,.321,.364,.402,.765,113,45,2,0,0,1,0,arraelu01
Christian Arroyo,TOT,AL,15,54,50,7,12,1,0,3,8,0,0,4,11,.240,.296,.440,.736,93,22,2,0,0,0,0,arroych01
Christian Arroyo,CLE,AL,1,0,0,0,0,0,0,0,0,0,0,0,0,,,,,,0,0,0,0,0,0,arroych01
Christian Arroyo,BOS,AL,14,54,50,7,12,1,0,3,8,0,0,4,11,.240,.296,.440,.736,93,22,2,0,0,0,0,arroych01
Willians Astudillo,MIN,AL,8,16,16,4,4,1,0,1,3,0,0,0,2,.250,.250,.500,.750,101,8,0,0,0,0,0,astudwi01
Alex Avila*,MIN,AL,23,62,49,6,9,2,0,1,2,0,0,11,22,.184,.355,.286,.641,82,14,2,2,0,0,0,avilaal01
Harrison Bader,STL,NL,50,125,106,21,24,7,2,4,11,3,1,13,40,.226,.336,.443,.779,114,47,2,5,0,1,0,baderha01
Javier Báez,CHC,NL,59,235,222,27,45,9,1,8,24,3,0,7,75,.203,.238,.360,.599,59,80,8,4,0,2,0,baezja01
Austin Barnes,LAD,NL,29,104,86,14,21,3,0,1,9,3,0,13,24,.244,.353,.314,.667,84,27,0,2,2,1,0,barneau01
Tucker Barnhart*,CIN,NL,38,110,98,10,20,3,0,5,13,0,0,12,28,.204,.291,.388,.679,75,38,2,0,0,0,0,barnhtu01
Jose Barrero,CIN,NL,24,68,67,4,13,0,0,0,2,1,1,1,26,.194,.206,.194,.400,6,13,1,0,0,0,0,garcijo02
Franklin Barreto,TOT,AL,21,28,27,5,2,0,0,0,2,1,0,0,15,.074,.107,.074,.181,-48,2,0,1,0,0,0,barrefr02
Franklin Barreto,OAK,AL,15,10,10,5,0,0,0,0,0,0,0,0,7,.000,.000,.000,.000,-100,0,0,0,0,0,0,barrefr02
Franklin Barreto,LAA,AL,6,18,17,0,2,0,0,0,2,1,0,0,8,.118,.167,.118,.284,-20,2,0,1,0,0,0,barrefr02
Joey Bart,SFG,NL,33,111,103,15,24,5,2,0,7,0,0,3,41,.233,.288,.320,.609,68,33,1,5,0,0,0,bartjo01
Luis Alexander Basabe#,SFG,NL,9,18,14,5,2,0,0,0,1,2,0,4,5,.143,.333,.143,.476,39,2,0,0,0,0,0,basablu01
Matt Beaty*,LAD,NL,21,54,50,8,11,1,0,2,5,0,0,2,14,.220,.278,.360,.638,72,18,3,2,0,0,0,beatyma01
Cam Bedrosian,LAA,AL,1,0,0,0,0,0,0,0,0,0,0,0,0,,,,,,0,0,0,0,0,0,bedroca01
Josh Bell#,PIT,NL,57,223,195,22,44,3,0,8,22,0,0,22,59,.226,.305,.364,.669,82,71,3,2,0,4,4,belljo02
Cody Bellinger*,LAD,NL,56,243,213,33,51,10,0,12,30,6,1,30,42,.239,.333,.455,.789,112,97,4,0,0,0,2,bellico01
Brandon Belt*,SFG,NL,51,179,149,25,46,13,1,9,30,0,0,30,36,.309,.425,.591,1.015,177,88,5,0,0,0,1,beltbr01
Anthony Bemboom*,LAA,AL,21,60,48,9,10,1,0,3,5,0,1,7,13,.208,.328,.417,.744,103,20,0,2,2,1,0,bemboan01
Andrew Benintendi*,BOS,AL,14,52,39,4,4,1,0,0,1,1,2,11,17,.103,.314,.128,.442,25,5,1,1,1,0,0,beninan01
Jon Berti,MIA,NL,39,149,120,21,31,5,0,2,14,9,2,23,37,.258,.388,.350,.738,102,42,1,3,2,1,0,bertijo01
Mookie Betts,LAD,NL,55,246,219,47,64,9,1,16,39,10,2,24,38,.292,.366,.562,.927,147,123,2,2,0,1,1,bettsmo01
Bo Bichette,TOR,AL,29,128,123,18,37,9,1,5,23,4,1,5,27,.301,.328,.512,.840,127,63,2,0,0,0,1,bichebo01
Cavan Biggio*,TOR,AL,59,265,220,41,55,16,0,8,28,6,0,41,61,.250,.375,.432,.807,122,95,2,3,0,0,0,biggica01
Braden Bishop,SEA,AL,12,34,30,2,5,2,0,0,4,1,0,2,10,.167,.242,.233,.476,35,7,0,1,1,0,0,bishobr01
Charlie Blackmon*,COL,NL,59,247,221,31,67,12,1,6,42,2,1,19,44,.303,.356,.448,.804,104,99,4,2,0,5,4,blackch02
Travis Blankenhorn*,MIN,AL,1,4,3,0,1,1,0,0,0,0,0,0,0,.333,.500,.667,1.167,221,2,0,1,0,0,0,blanktr01
Xander Bogaerts,BOS,AL,56,225,203,36,61,8,0,11,28,8,0,21,41,.300,.364,.502,.867,128,102,3,0,0,1,2,bogaexa01
Alec Bohm,PHI,NL,44,180,160,24,54,11,0,4,23,1,1,16,36,.338,.400,.481,.881,137,77,4,2,0,2,0,bohmal01
Emilio Bonifácio#,WSN,NL,3,3,3,1,0,0,0,0,0,0,1,0,2,.000,.000,.000,.000,-100,0,0,0,0,0,0,bonifem01
Jorge Bonifacio,DET,AL,30,94,86,8,19,3,0,2,17,0,0,5,26,.221,.277,.326,.602,65,28,1,2,0,1,0,bonifjo01
David Bote,CHC,NL,45,145,125,15,25,3,1,7,29,2,0,17,40,.200,.303,.408,.711,90,51,6,2,0,1,0,boteda01
Jackie Bradley Jr.*,BOS,AL,55,217,191,32,54,11,0,7,22,5,2,23,48,.283,.364,.450,.814,116,86,2,2,0,1,1,bradlja02
Michael Brantley*,HOU,AL,46,187,170,24,51,15,0,5,22,2,0,17,28,.300,.364,.476,.840,127,81,3,0,0,0,0,brantmi02
Rob Brantly*,SFG,NL,1,3,3,0,0,0,0,0,0,0,0,0,0,.000,.000,.000,.000,-100,0,0,0,0,0,0,brantro01
Ryan Brasier,BOS,AL,1,0,0,0,0,0,0,0,0,0,0,0,0,,,,,,0,0,0,0,0,0,brasiry01
Ryan Braun,MIL,NL,39,141,129,14,30,7,1,8,26,1,0,7,27,.233,.281,.488,.769,101,63,6,2,0,1,0,braunry02
Alex Bregman,HOU,AL,42,180,153,19,37,12,1,6,22,0,0,24,26,.242,.350,.451,.801,117,69,2,2,0,1,1,bregmal01
José Briceño,LAA,AL,2,6,5,0,1,0,0,0,0,0,0,1,1,.200,.333,.200,.533,52,1,0,0,0,0,0,bricejo01
Lewis Brinson,MIA,NL,47,112,106,14,24,6,0,3,12,4,0,6,30,.226,.268,.368,.636,70,39,2,0,0,0,0,brinsle01
Mike Brosseau,TBR,AL,36,98,86,12,26,5,1,5,12,2,0,8,31,.302,.378,.558,.936,160,48,1,3,0,1,0,brossmi01
Seth Brown*,OAK,AL,7,5,5,0,0,0,0,0,0,0,0,0,2,.000,.000,.000,.000,-100,0,0,0,0,0,0,brownse01
Jay Bruce*,PHI,NL,32,103,96,11,19,4,2,6,14,0,0,7,24,.198,.252,.469,.721,89,45,1,0,0,0,1,bruceja01
Kris Bryant,CHC,NL,34,147,131,20,27,5,1,4,11,0,0,12,40,.206,.293,.351,.644,73,46,1,4,0,0,0,bryankr01
Drew Butera,COL,NL,28,43,39,4,6,2,0,0,4,0,0,2,11,.154,.190,.205,.396,2,8,3,0,1,1,0,buterdr01
Byron Buxton,MIN,AL,39,135,130,19,33,3,0,13,27,2,1,2,36,.254,.267,.577,.844,125,75,2,1,0,2,0,buxtoby01
Asdrúbal Cabrera#,WSN,NL,52,213,190,23,46,9,3,8,31,0,0,19,40,.242,.305,.447,.753,101,85,6,0,0,4,0,cabreas01
Miguel Cabrera,DET,AL,57,231,204,28,51,4,0,10,35,1,0,24,51,.250,.329,.417,.746,104,85,3,1,0,2,1,cabremi01
Lorenzo Cain,MIL,NL,5,21,18,4,6,1,0,0,2,0,0,3,2,.333,.429,.389,.817,122,7,1,0,0,0,1,cainlo01
Kole Calhoun*,ARI,NL,54,228,190,35,43,9,0,16,40,1,1,28,50,.226,.338,.526,.864,130,100,6,6,0,4,0,calhoko01
Willie Calhoun*,TEX,AL,29,108,100,3,19,2,1,1,13,0,0,5,17,.190,.231,.260,.491,36,26,1,1,0,2,0,calhowi01
Johan Camargo#,ATL,NL,35,127,120,16,24,8,0,4,9,0,0,6,35,.200,.244,.367,.611,58,44,1,1,0,0,0,camarjo01
Daz Cameron,DET,AL,17,59,57,4,11,2,1,0,3,1,0,2,19,.193,.220,.263,.483,33,15,1,0,0,0,0,camerda01
Luis Campusano,SDP,NL,1,4,3,2,1,0,0,1,1,0,0,0,2,.333,.500,1.333,1.833,385,4,0,1,0,0,0,campulu01
Jeimer Candelario#,DET,AL,52,206,185,30,55,11,3,7,29,1,1,20,49,.297,.369,.503,.872,137,93,3,1,0,0,0,candeje01
Mark Canha,OAK,AL,59,243,191,32,47,12,2,5,33,4,0,37,54,.246,.387,.408,.795,124,78,2,10,0,5,1,canhama01
Robinson Canó*,NYM,NL,49,182,171,23,54,9,0,10,30,0,0,9,24,.316,.352,.544,.896,143,93,7,1,0,1,1,canoro01
Victor Caratini#,CHC,NL,44,132,116,10,28,7,0,1,16,0,1,12,31,.241,.333,.328,.661,80,38,4,4,0,0,1,caratvi01
Dylan Carlson#,STL,NL,35,119,110,11,22,7,1,3,16,1,1,8,35,.200,.252,.364,.616,68,40,3,0,0,1,0,carlsdy01
Matt Carpenter*,STL,NL,50,169,140,22,26,6,0,4,24,0,0,23,48,.186,.325,.314,.640,79,44,1,6,0,0,1,carpema01
Curt Casali,CIN,NL,31,93,76,10,17,3,0,6,8,2,0,14,29,.224,.366,.500,.866,123,38,2,3,0,0,0,casalcu01
Nick Castellanos,CIN,NL,60,242,218,37,49,11,2,14,34,0,2,19,69,.225,.298,.486,.784,100,106,5,4,0,1,1,casteni01
Harold Castro*,DET,AL,22,54,49,6,17,4,0,0,3,0,0,5,11,.347,.407,.429,.836,131,21,1,0,0,0,0,castrha01
Jason Castro*,TOT,MLB,27,92,80,8,15,9,0,2,9,0,0,12,33,.188,.293,.375,.668,83,30,2,0,0,0,0,castrja01
Jason Castro*,LAA,AL,18,62,52,5,10,4,0,2,6,0,0,10,23,.192,.323,.385,.707,93,20,1,0,0,0,0,castrja01
Jason Castro*,SDP,NL,9,30,28,3,5,5,0,0,3,0,0,2,10,.179,.233,.357,.590,61,10,1,0,0,0,0,castrja01
Starlin Castro,WSN,NL,16,63,60,9,16,3,1,2,4,0,0,3,13,.267,.302,.450,.752,100,27,0,0,0,0,0,castrst01
Willi Castro#,DET,AL,36,140,129,21,45,4,2,6,24,0,1,7,38,.349,.381,.550,.932,153,71,0,1,1,2,0,castrwi01
Jake Cave*,MIN,AL,42,123,113,17,25,3,2,4,15,0,2,5,44,.221,.285,.389,.674,85,44,0,5,0,0,0,caveja01
Francisco Cervelli,MIA,NL,16,62,53,10,13,2,0,3,7,1,0,8,14,.245,.355,.453,.808,117,24,3,1,0,0,0,cervefr01
Yoenis Céspedes,NYM,NL,8,34,31,3,5,1,0,2,4,0,0,2,15,.161,.235,.387,.622,68,12,1,1,0,0,0,cespeyo01
Yu Chang,CLE,AL,10,13,11,1,2,0,0,0,1,0,0,2,4,.182,.308,.182,.490,40,2,2,0,0,0,0,changyu01
Matt Chapman,OAK,AL,37,152,142,22,33,9,2,10,25,0,0,8,54,.232,.276,.535,.812,120,76,2,1,0,1,0,chapmma01
Michael Chavis,BOS,AL,42,158,146,16,31,5,2,5,19,3,0,8,50,.212,.259,.377,.636,67,55,6,2,0,2,0,chavimi01
Robinson Chirinos,TOT,MLB,26,82,74,4,12,3,0,1,7,0,0,6,21,.162,.232,.243,.475,32,18,5,1,0,1,0,chiriro01
Robinson Chirinos,TEX,AL,14,49,42,3,5,1,0,0,2,0,0,5,12,.119,.224,.143,.367,5,6,3,1,0,1,0,chiriro01
Robinson Chirinos,NYM,NL,12,33,32,1,7,2,0,1,5,0,0,1,9,.219,.242,.375,.617,67,12,2,0,0,0,0,chiriro01
Jazz Chisholm Jr.*,MIA,NL,21,62,56,8,9,1,1,2,6,2,2,5,19,.161,.242,.321,.563,51,18,0,1,0,0,0,chishja01
Ji-Man Choi*,TBR,AL,42,145,122,16,28,13,0,3,16,0,0,20,36,.230,.331,.410,.741,108,50,1,0,0,3,2,choiji01
Shin-Soo Choo*,TEX,AL,33,127,110,13,26,3,0,5,15,6,2,13,33,.236,.323,.400,.723,99,44,1,2,0,2,1,choosh01
Zack Collins*,CHW,AL,9,18,16,1,1,1,0,0,0,0,0,2,5,.063,.167,.125,.292,-17,2,0,0,0,0,0,colliza01
Christian Colón,CIN,NL,11,24,23,3,3,1,0,0,2,1,0,1,3,.130,.167,.174,.341,-11,4,1,0,0,0,0,colonch01
Michael Conforto*,NYM,NL,54,233,202,40,65,12,0,9,31,3,3,24,57,.322,.412,.515,.927,154,104,6,7,0,0,0,confomi01
William Contreras,ATL,NL,4,10,10,0,4,1,0,0,1,0,0,0,4,.400,.400,.500,.900,136,5,0,0,0,0,0,contrwi02
Willson Contreras,CHC,NL,57,225,189,37,46,10,0,7,26,1,2,20,57,.243,.356,.407,.763,106,77,6,14,0,2,1,contrwi01
Garrett Cooper,MIA,NL,34,133,120,20,34,8,0,6,20,0,0,11,31,.283,.353,.500,.853,127,60,5,2,0,0,0,coopega03
Ryan Cordell,NYM,NL,5,8,8,0,1,0,0,0,0,1,0,0,3,.125,.125,.125,.250,-30,1,0,0,0,0,0,cordery01
Franchy Cordero*,KCR,AL,16,42,38,7,8,3,0,2,7,1,0,4,4,.211,.286,.447,.733,94,17,1,0,0,0,0,cordefr02
Carlos Correa,HOU,AL,58,221,201,22,53,9,0,5,25,0,0,16,49,.264,.326,.383,.709,93,77,4,3,0,1,2,correca01
Will Craig,PIT,NL,2,4,4,0,0,0,0,0,0,0,0,0,1,.000,.000,.000,.000,-100,0,0,0,0,0,0,craigwi01
Brandon Crawford*,SFG,NL,54,193,172,26,44,12,0,8,28,1,2,15,47,.256,.326,.465,.792,115,80,3,4,0,2,2,crawfbr01
J.P. Crawford*,SEA,AL,53,232,204,33,52,7,2,2,24,6,3,23,39,.255,.336,.338,.674,91,69,4,3,0,2,0,crawfjp01
C.J. Cron,DET,AL,13,52,42,9,8,3,0,4,8,0,0,9,16,.190,.346,.548,.894,141,23,2,1,0,0,0,croncj01
Kevin Cron,ARI,NL,8,20,17,0,0,0,0,0,0,0,0,1,7,.000,.150,.000,.150,-54,0,0,2,0,0,0,cronke01
Jake Cronenworth*,SDP,NL,54,192,172,26,49,15,3,4,20,3,1,18,30,.285,.354,.477,.831,129,82,4,1,0,1,0,croneja01
Nelson Cruz,MIN,AL,53,214,185,33,56,6,0,16,33,0,0,25,58,.303,.397,.595,.992,171,110,8,4,0,0,5,cruzne02
Charlie Culberson,ATL,NL,9,7,7,2,1,1,0,0,1,0,0,0,4,.143,.143,.286,.429,9,2,0,0,0,0,0,culbech01
Cheslor Cuthbert,CHW,AL,1,1,1,0,0,0,0,0,0,0,0,0,0,.000,.000,.000,.000,-100,0,0,0,0,0,0,cuthbch01
Travis d'Arnaud,ATL,NL,44,184,165,19,53,8,0,9,34,1,0,16,50,.321,.386,.533,.919,139,88,8,2,0,1,0,darnatr01
David Dahl*,COL,NL,24,99,93,9,17,2,2,0,9,1,0,4,28,.183,.222,.247,.470,20,23,0,1,0,1,0,dahlda01
Bobby Dalbec,BOS,AL,23,92,80,13,21,3,0,8,16,0,0,10,39,.263,.359,.600,.959,149,48,0,2,0,0,0,dalbebo01
Matt Davidson,CIN,NL,20,47,43,3,7,1,0,3,11,0,0,4,13,.163,.234,.395,.629,60,17,2,0,0,0,0,davidma02
Austin Davis*,TOT,NL,1,0,0,0,0,0,0,0,0,0,0,0,0,,,,,,0,0,0,0,0,0,davisau01
Austin Davis*,PHI,NL,1,0,0,0,0,0,0,0,0,0,0,0,0,,,,,,0,0,0,0,0,0,davisau01
Chris Davis*,BAL,AL,16,55,52,3,6,3,0,0,1,0,0,3,17,.115,.164,.173,.337,-8,9,0,0,0,0,0,davisch02
J.D. Davis,NYM,NL,56,229,190,26,47,9,0,6,19,0,0,31,56,.247,.371,.389,.761,111,74,8,7,0,1,1,davisjd01
Jaylin Davis,SFG,NL,4,12,12,2,2,0,0,1,1,0,0,0,6,.167,.167,.417,.583,54,5,0,0,0,0,0,davisja03
Jonathan Davis,TOR,AL,13,34,27,4,7,2,0,1,6,1,0,3,11,.259,.364,.444,.808,121,12,1,2,0,1,0,davisjo05
Khris Davis,OAK,AL,30,99,85,9,17,5,0,2,10,0,0,10,26,.200,.303,.329,.632,78,28,5,3,0,1,0,daviskh01
Austin Dean,STL,NL,3,7,4,1,1,1,0,0,0,0,0,3,2,.250,.571,.500,1.071,202,2,0,0,0,0,0,deanau01
Paul DeJong,STL,NL,45,174,152,17,38,6,0,3,25,1,0,17,50,.250,.322,.349,.671,87,53,4,1,0,4,0,dejonpa01
Nicky Delmonico*,CHW,AL,6,22,20,0,3,0,0,0,3,0,0,2,2,.150,.227,.150,.377,8,3,2,0,0,0,0,delmoni01
Travis Demeritte,DET,AL,18,33,29,5,5,1,0,0,4,0,0,3,14,.172,.273,.207,.480,36,6,0,1,0,0,0,demertr01
Delino DeShields,CLE,AL,37,120,107,10,27,3,2,0,7,3,2,9,29,.252,.310,.318,.628,73,34,0,0,4,0,0,deshide02
Rafael Devers*,BOS,AL,57,248,232,32,61,16,1,11,43,0,0,13,67,.263,.310,.483,.793,107,112,8,3,0,0,0,deverra01
Aledmys Díaz,HOU,AL,17,59,58,8,14,5,0,3,6,0,0,1,12,.241,.254,.483,.737,95,28,1,0,0,0,0,diazal02
Elias Díaz,COL,NL,26,73,68,4,16,2,0,2,9,0,0,5,15,.235,.288,.353,.641,63,24,4,0,0,0,0,diazel01
Isan Díaz*,MIA,NL,7,22,22,3,4,0,0,0,1,0,0,0,7,.182,.182,.182,.364,-1,4,0,0,0,0,0,diazis01
Lewin Díaz*,MIA,NL,14,41,39,2,6,2,0,0,3,0,0,2,12,.154,.195,.205,.400,9,8,2,0,0,0,0,diazle01
Yandy Díaz,TBR,AL,34,138,114,16,35,3,0,2,11,0,0,23,17,.307,.428,.386,.814,133,44,6,1,0,0,1,diazya01
Alex Dickerson*,SFG,NL,52,170,151,28,45,10,1,10,27,0,0,16,30,.298,.371,.576,.947,156,87,5,2,0,1,2,dickeal01
Corey Dickerson*,MIA,NL,52,210,194,25,50,5,1,7,17,1,1,15,35,.258,.311,.402,.713,91,78,5,0,0,0,1,dickeco01
Derek Dietrich*,TEX,AL,25,75,61,9,12,1,0,5,8,1,1,9,21,.197,.347,.459,.806,121,28,4,5,0,0,0,dietrde01
Wilmer Difo#,WSN,NL,12,18,14,1,1,0,0,0,1,0,0,3,4,.071,.222,.071,.294,-14,1,0,0,0,1,0,difowi01
Brandon Dixon,DET,AL,5,14,13,0,1,1,0,0,2,0,0,1,4,.077,.143,.154,.297,-18,2,1,0,0,0,0,dixonbr01
Josh Donaldson,MIN,AL,28,102,81,14,18,2,0,6,11,0,0,18,24,.222,.373,.469,.842,132,38,4,2,0,1,1,donaljo02
Brian Dozier,NYM,NL,7,16,15,1,2,0,0,0,0,0,0,1,5,.133,.188,.133,.321,-9,2,1,0,0,0,0,doziebr01
Hunter Dozier,KCR,AL,44,186,158,29,36,4,2,6,12,4,0,27,48,.228,.344,.392,.736,99,62,3,1,0,0,0,doziehu01
Brandon Drury,TOR,AL,21,49,46,3,7,1,0,0,1,0,0,2,9,.152,.184,.174,.358,0,8,0,0,0,1,0,drurybr01
Mauricio Dubón,SFG,NL,54,177,157,21,43,4,1,4,19,2,3,15,36,.274,.337,.389,.726,100,61,4,1,1,2,0,dubonma01
Steven Duggar*,SFG,NL,21,36,34,3,6,2,0,0,3,1,0,1,11,.176,.222,.235,.458,27,8,1,1,0,0,0,duggast01
Adam Duvall,ATL,NL,57,209,190,34,45,8,0,16,33,0,0,15,54,.237,.301,.532,.833,114,101,2,3,0,1,0,duvalad01
Jarrod Dyson*,TOT,MLB,32,66,61,9,11,0,0,0,5,6,0,4,11,.180,.231,.180,.411,15,11,0,0,1,0,0,dysonja01
Jarrod Dyson*,PIT,NL,21,55,51,6,8,0,0,0,5,4,0,4,10,.157,.218,.157,.375,5,8,0,0,0,0,0,dysonja01
Jarrod Dyson*,CHW,AL,11,11,10,3,3,0,0,0,0,2,0,0,1,.300,.300,.300,.600,67,3,0,0,1,0,0,dysonja01
Adam Eaton*,WSN,NL,41,176,159,22,36,11,1,4,17,3,0,12,32,.226,.285,.384,.669,79,61,4,1,4,0,1,eatonad02
Tommy Edman#,STL,NL,55,227,204,29,51,7,1,5,26,2,4,16,48,.250,.317,.368,.685,90,75,5,5,0,2,0,edmanto01
Seth Elledge,STL,NL,1,0,0,0,0,0,0,0,0,0,0,0,0,,,,,,0,0,0,0,0,0,elledse01
Edwin Encarnación,CHW,AL,44,181,159,19,25,5,0,10,19,0,0,16,54,.157,.250,.377,.627,70,60,3,4,0,1,0,encared01
Adam Engel,CHW,AL,36,93,88,11,26,5,1,3,12,1,0,3,19,.295,.333,.477,.811,120,42,1,2,0,0,0,engelad01
Phil Ervin,TOT,MLB,37,89,74,10,11,3,0,0,4,1,0,14,22,.149,.292,.189,.481,35,14,2,1,0,0,0,ervinph01
Phil Ervin,CIN,NL,19,42,35,5,3,0,0,0,0,1,0,6,8,.086,.238,.086,.324,-10,3,1,1,0,0,0,ervinph01
Phil Ervin,SEA,AL,18,47,39,5,8,3,0,0,4,0,0,8,14,.205,.340,.282,.622,79,11,1,0,0,0,0,ervinph01
Eduardo Escobar#,ARI,NL,54,222,203,22,43,7,3,4,20,1,0,15,41,.212,.270,.335,.605,63,68,5,2,0,2,4,escobed01
Santiago Espinal,TOR,AL,26,66,60,10,16,4,0,0,6,1,0,4,16,.267,.308,.333,.641,77,20,1,0,1,1,0,espinsa01
Thairo Estrada,NYY,AL,26,52,48,8,8,0,0,1,3,1,0,1,19,.167,.231,.229,.460,29,11,0,3,0,0,0,estrath01
Phillip Evans,PIT,NL,11,45,39,6,14,2,0,1,9,0,1,5,7,.359,.444,.487,.932,155,19,1,1,0,0,0,evansph01
Kyle Farmer,CIN,NL,32,70,64,4,17,3,0,0,4,1,0,5,13,.266,.329,.313,.641,69,20,0,1,0,0,0,farmeky01
Derek Fisher*,TOR,AL,16,39,31,5,7,2,1,1,7,0,1,7,11,.226,.359,.452,.811,122,14,0,0,0,1,0,fishede01
David Fletcher,LAA,AL,49,230,207,31,66,13,0,3,18,2,1,20,25,.319,.376,.425,.801,120,88,4,0,1,2,0,fletcda02
Wilmer Flores,SFG,NL,55,213,198,30,53,11,1,12,32,1,0,13,36,.268,.315,.515,.830,124,102,5,1,0,1,1,florewi01
Estevan Florial*,NYY,AL,1,3,3,0,1,0,0,0,0,0,0,0,2,.333,.333,.333,.667,87,1,0,0,0,0,0,flories01
Tyler Flowers,ATL,NL,22,80,69,5,15,6,0,1,5,0,0,8,34,.217,.325,.348,.673,78,24,1,3,0,0,0,flowety01
Mike Ford*,NYY,AL,29,84,74,5,10,4,0,2,11,0,0,7,16,.135,.226,.270,.496,38,20,4,2,0,1,0,fordmi01
Logan Forsythe,MIA,NL,12,38,34,2,4,1,0,1,2,0,0,4,12,.118,.211,.235,.446,21,8,0,0,0,0,0,forsylo01
Matt Foster,CHW,AL,1,0,0,0,0,0,0,0,0,0,0,0,0,,,,,,0,0,0,0,0,0,fostema01
Dexter Fowler#,STL,NL,31,101,90,14,21,2,0,4,15,1,1,10,28,.233,.317,.389,.706,95,35,2,1,0,0,0,fowlede01
Jake Fraley*,SEA,AL,7,29,26,3,4,1,1,0,0,2,1,2,11,.154,.241,.269,.511,44,7,0,1,0,0,0,fraleja01
Ty France,TOT,MLB,43,155,141,19,43,9,1,4,23,0,0,11,37,.305,.368,.468,.836,133,66,3,3,0,0,0,francty01
Ty France,SDP,NL,20,61,55,9,17,4,0,2,10,0,0,5,15,.309,.377,.491,.868,140,27,1,1,0,0,0,francty01
Ty France,SEA,AL,23,94,86,10,26,5,1,2,13,0,0,6,22,.302,.362,.453,.815,128,39,2,2,0,0,0,francty01
Maikel Franco,KCR,AL,60,243,223,23,62,16,0,8,38,1,0,16,38,.278,.321,.457,.778,108,102,4,0,0,4,1,francma02
Adam Frazier*,PIT,NL,58,230,209,22,48,7,0,7,23,1,3,17,35,.230,.297,.364,.661,79,76,3,3,1,0,0,fraziad01
Clint Frazier,NYY,AL,39,160,131,24,35,6,1,8,26,3,0,25,44,.267,.394,.511,.905,150,67,5,3,0,1,0,frazicl01
Todd Frazier,TOT,MLB,45,172,157,16,37,9,1,4,12,1,1,11,42,.236,.302,.382,.684,88,60,1,4,0,0,0,frazito01
Todd Frazier,TEX,AL,31,121,108,11,26,7,1,2,7,1,1,10,26,.241,.322,.380,.702,94,41,0,3,0,0,0,frazito01
Todd Frazier,NYM,NL,14,51,49,5,11,2,0,2,5,0,0,1,16,.224,.255,.388,.643,74,19,1,1,0,0,0,frazito01
Freddie Freeman*,ATL,NL,60,262,214,51,73,23,1,13,53,2,0,45,37,.341,.462,.640,1.102,187,137,6,3,0,0,7,freemfr01
Mike Freeman*,CLE,AL,24,43,38,5,9,3,0,0,3,0,0,3,11,.237,.302,.316,.618,70,12,0,1,0,1,0,freemmi01
Joshua Fuentes,COL,NL,30,103,98,14,30,7,0,2,17,1,0,2,29,.306,.320,.439,.759,92,43,1,1,0,2,0,fuentjo01
Cam Gallagher,KCR,AL,25,60,53,10,15,5,0,1,3,0,0,6,11,.283,.356,.434,.790,113,23,0,0,1,0,0,gallaca01
Joey Gallo*,TEX,AL,57,226,193,23,35,8,0,10,26,2,0,29,79,.181,.301,.378,.679,87,73,0,4,0,0,2,gallojo01
Freddy Galvis#,CIN,NL,47,159,141,18,31,5,0,7,16,1,1,13,30,.220,.308,.404,.712,84,57,5,5,0,0,0,galvifr01
Ben Gamel*,MIL,NL,40,127,114,13,27,8,1,3,10,0,2,13,39,.237,.315,.404,.718,91,46,4,0,0,0,0,gamelbe01
Adolis García,TEX,AL,3,7,6,0,0,0,0,0,0,0,0,1,4,.000,.143,.000,.143,-55,0,0,0,0,0,0,garciad02
Avisaíl García,MIL,NL,53,207,181,20,43,10,0,2,15,1,3,20,49,.238,.333,.326,.659,78,59,2,6,0,0,2,garciav01
Greg Garcia*,SDP,NL,35,71,60,6,12,3,0,0,11,1,0,7,18,.200,.279,.250,.529,50,15,0,0,3,1,0,garcigr01
Leury Garcia#,CHW,AL,16,63,59,6,16,1,0,3,8,0,0,4,9,.271,.317,.441,.758,106,26,0,0,0,0,0,garcile02
Luis García*,WSN,NL,40,139,134,18,37,6,0,2,16,1,1,5,29,.276,.302,.366,.668,81,49,3,0,0,0,0,garcilu04
Brett Gardner*,NYY,AL,49,158,130,20,29,5,1,5,15,3,3,26,35,.223,.354,.392,.747,109,51,0,1,0,1,0,gardnbr01
Kyle Garlick,PHI,NL,12,23,22,0,3,1,0,0,3,0,0,0,7,.136,.174,.182,.356,-3,4,0,1,0,0,0,garliky01
Dustin Garneau,HOU,AL,17,46,38,4,6,0,1,1,4,0,0,6,15,.158,.273,.289,.562,54,11,1,0,2,0,0,garnedu01
Mitch Garver,MIN,AL,23,81,72,8,12,1,0,2,5,0,0,7,37,.167,.247,.264,.511,42,19,1,1,0,1,0,garvemi01
Andrés Giménez*,NYM,NL,49,132,118,22,31,3,2,3,12,8,1,7,28,.263,.333,.398,.732,101,47,0,6,0,1,0,gimenan01
Ryan Goins*,CHW,AL,14,10,9,4,0,0,0,0,0,0,0,1,1,.000,.100,.000,.100,-69,0,0,0,0,0,0,goinsry01
Paul Goldschmidt,STL,NL,58,231,191,31,58,13,0,6,21,1,0,37,43,.304,.417,.466,.883,145,89,4,1,0,1,0,goldspa01
Yan Gomes,WSN,NL,30,119,109,14,31,6,1,4,13,1,0,6,22,.284,.319,.468,.787,110,51,1,1,0,3,0,gomesya01
Tony Gonsolin,LAD,NL,1,0,0,0,0,0,0,0,0,0,0,0,0,,,,,,0,0,0,0,0,0,gonsoto01
Erik González,PIT,NL,50,193,181,14,41,13,1,3,20,2,3,8,51,.227,.255,.359,.614,65,65,5,0,1,3,0,gonzaer01
Luis González*,CHW,AL,3,2,1,1,0,0,0,0,0,0,0,0,1,.000,.500,.000,.500,57,0,0,1,0,0,0,gonzalu03
Marwin Gonzalez#,MIN,AL,53,199,175,15,37,4,0,5,22,0,0,17,41,.211,.286,.320,.606,69,56,1,3,0,4,0,gonzama01
Niko Goodrum#,DET,AL,43,179,158,15,29,7,1,5,20,7,1,18,69,.184,.263,.335,.598,63,53,4,0,0,3,0,goodrni01
Brian Goodwin*,TOT,MLB,50,164,144,17,31,9,1,6,22,5,0,17,54,.215,.299,.417,.715,90,60,1,1,0,2,1,goodwbr01
Brian Goodwin*,LAA,AL,30,109,95,12,23,7,1,4,17,1,0,12,35,.242,.330,.463,.793,115,44,0,1,0,1,1,goodwbr01
Brian Goodwin*,CIN,NL,20,55,49,5,8,2,0,2,5,4,0,5,19,.163,.236,.327,.563,45,16,1,0,0,1,0,goodwbr01
Alex Gordon*,KCR,AL,50,184,163,15,34,4,0,4,11,0,0,18,37,.209,.299,.307,.606,65,50,0,3,0,0,0,gordoal01
Terrance Gore,LAD,NL,2,0,0,0,0,0,0,0,0,0,0,0,0,,,,,,0,0,0,0,0,0,gorete01
Phil Gosselin,PHI,NL,39,102,92,14,23,5,0,3,12,0,0,10,27,.250,.324,.402,.726,95,37,3,0,0,0,1,gosseph01
Yasmani Grandal#,CHW,AL,46,194,161,27,37,7,0,8,27,0,0,30,58,.230,.351,.422,.773,112,68,4,1,0,2,0,grandya01
Chad Green*,NYY,AL,1,0,0,0,0,0,0,0,0,0,0,0,0,,,,,,0,0,0,0,0,0,greench03
Didi Gregorius*,PHI,NL,60,237,215,34,61,10,2,10,40,3,2,15,28,.284,.339,.488,.827,120,105,4,4,1,2,3,gregodi01
Grayson Greiner,DET,AL,18,55,51,8,6,2,0,3,8,0,0,3,20,.118,.182,.333,.515,38,17,2,1,0,0,0,greingr01
Randal Grichuk,TOR,AL,55,231,216,38,59,9,0,12,35,1,1,13,49,.273,.312,.481,.793,114,104,5,0,0,2,1,grichra01
Trent Grisham*,SDP,NL,59,252,215,42,54,8,3,10,26,10,1,31,64,.251,.352,.456,.808,123,98,1,3,1,1,0,grishtr01
Robbie Grossman#,OAK,AL,51,192,166,23,40,12,2,8,23,8,1,21,38,.241,.344,.482,.826,128,80,1,5,0,0,2,grossro01
Deivy Grullón,BOS,AL,1,4,3,0,1,0,0,0,1,0,0,1,1,.333,.500,.333,.833,130,1,0,0,0,0,0,grullde01
Vladimir Guerrero Jr.,TOR,AL,60,243,221,34,58,13,2,9,33,1,0,20,38,.262,.329,.462,.791,115,102,6,2,0,0,1,guerrvl02
Luis Guillorme*,NYM,NL,29,68,57,6,19,6,0,0,9,2,0,10,17,.333,.426,.439,.865,140,25,3,0,0,1,0,guilllu01
Lourdes Gurriel Jr.,TOR,AL,57,224,208,28,64,14,0,11,33,3,1,14,48,.308,.348,.534,.882,138,111,7,0,0,2,0,gurrilo01
Yuli Gurriel,HOU,AL,57,230,211,27,49,12,1,6,22,0,1,12,27,.232,.274,.384,.658,77,81,6,2,0,5,0,gourryu01
Kelvin Gutiérrez,KCR,AL,4,12,9,0,1,0,0,0,0,0,0,3,6,.111,.333,.111,.444,29,1,0,0,0,0,0,gutieke01
Ronald Guzmán*,TEX,AL,26,86,78,10,19,1,1,4,9,1,0,7,24,.244,.314,.436,.750,105,34,0,1,0,0,0,guzmaro01
Jedd Gyorko,MIL,NL,42,135,117,19,29,3,0,9,17,0,0,15,38,.248,.333,.504,.838,120,59,4,1,0,2,1,gyorkje01
Eric Haase,DET,AL,7,19,17,1,3,0,0,0,2,0,0,1,6,.176,.211,.176,.387,9,3,0,0,0,1,0,haaseer01
Josh Hader*,MIL,NL,1,0,0,0,0,0,0,0,0,0,0,0,0,,,,,,0,0,0,0,0,0,haderjo01
Sam Haggerty#,SEA,AL,13,54,50,7,13,4,0,1,6,4,0,4,16,.260,.315,.400,.715,100,20,0,0,0,0,0,haggesa01
Billy Hamilton,TOT,NL,31,36,32,10,4,0,0,1,2,6,2,2,7,.125,.171,.219,.390,6,7,0,0,1,1,0,hamilbi02
Billy Hamilton,NYM,NL,17,25,22,4,1,0,0,0,1,3,1,1,3,.045,.083,.045,.129,-63,1,0,0,1,1,0,hamilbi02
Billy Hamilton,CHC,NL,14,11,10,6,3,0,0,1,1,3,1,1,4,.300,.364,.600,.964,154,6,0,0,0,0,0,hamilbi02
Garrett Hampson,COL,NL,53,184,167,25,39,4,3,5,11,6,1,13,60,.234,.287,.383,.671,70,64,1,0,3,1,0,hampsga01
Ian Happ#,CHC,NL,57,231,198,27,51,11,1,12,28,1,3,30,63,.258,.361,.505,.866,131,100,1,2,1,0,1,happia01
Bryce Harper*,PHI,NL,58,244,190,41,51,9,2,13,33,8,2,49,43,.268,.420,.542,.962,158,103,5,2,1,2,8,harpebr03
Josh Harrison,WSN,NL,33,91,79,11,22,2,0,3,14,1,2,6,12,.278,.352,.418,.769,108,33,2,4,0,2,0,harrijo05
Monte Harrison,MIA,NL,32,51,47,8,8,1,0,1,3,6,0,4,26,.170,.235,.255,.491,33,12,0,0,0,0,0,harrimo01
Adam Haseley*,PHI,NL,40,92,79,7,22,5,0,0,13,0,0,7,17,.278,.348,.342,.690,88,27,3,2,3,1,1,haselad01
Ke'Bryan Hayes,PIT,NL,24,95,85,17,32,7,2,5,11,1,0,9,20,.376,.442,.682,1.124,201,58,2,1,0,0,2,hayeske01
Austin Hays,BAL,AL,33,134,122,20,34,2,0,4,9,2,3,8,25,.279,.328,.393,.722,96,48,1,2,0,2,0,haysau01
Ryon Healy,MIL,NL,4,7,7,0,1,0,0,0,0,0,0,0,2,.143,.143,.143,.286,-23,1,0,0,0,0,0,healyry01
Nick Heath*,KCR,AL,15,18,13,2,2,1,0,0,3,2,2,2,6,.154,.313,.231,.543,51,3,0,1,1,0,0,heathni01
Adeiny Hechavarria,ATL,NL,27,63,59,7,15,3,0,0,2,0,0,4,12,.254,.302,.305,.607,61,18,1,0,0,0,0,hechaad01
Austin Hedges,TOT,MLB,35,83,69,7,10,1,0,3,6,1,1,6,23,.145,.231,.290,.521,44,20,3,2,5,1,0,hedgeau01
Austin Hedges,SDP,NL,29,71,57,7,9,1,0,3,6,1,1,6,18,.158,.258,.333,.591,63,19,3,2,5,1,0,hedgeau01
Austin Hedges,CLE,AL,6,12,12,0,1,0,0,0,0,0,0,0,5,.083,.083,.083,.167,-54,1,0,0,0,0,0,hedgeau01
Jonah Heim#,OAK,AL,13,41,38,5,8,0,0,0,5,0,0,3,3,.211,.268,.211,.479,37,8,1,0,0,0,0,heimjo01
Scott Heineman,TEX,AL,24,54,52,6,8,3,0,1,7,3,0,2,11,.154,.185,.269,.454,24,14,1,0,0,0,0,heinesc01
Tyler Heineman#,SFG,NL,15,50,42,3,8,1,0,0,1,1,0,4,6,.190,.292,.214,.506,44,9,0,2,2,0,0,heinety01
Kyle Hendricks,CHC,NL,1,0,0,0,0,0,0,0,0,0,0,0,0,,,,,,0,0,0,0,0,0,hendrky01
Guillermo Heredia,TOT,NL,15,36,33,6,7,0,0,2,5,1,0,3,9,.212,.278,.394,.672,82,13,0,0,0,0,0,heredgu01
Guillermo Heredia,PIT,NL,8,18,16,2,3,0,0,0,2,1,0,2,4,.188,.278,.188,.465,31,3,0,0,0,0,0,heredgu01
Guillermo Heredia,NYM,NL,7,18,17,4,4,0,0,2,3,0,0,1,5,.235,.278,.588,.866,130,10,0,0,0,0,0,heredgu01
Michael Hermosillo,LAA,AL,7,10,8,0,2,0,0,0,2,1,0,1,1,.250,.300,.250,.550,54,2,0,0,0,1,0,hermomi01
César Hernández#,CLE,AL,58,261,233,35,66,20,0,3,20,0,0,24,57,.283,.355,.408,.763,109,95,3,2,1,0,0,hernace02
Enrique Hernández,LAD,NL,48,148,139,20,32,8,1,5,20,0,1,6,31,.230,.270,.410,.680,81,57,5,2,0,1,0,hernaen02
Óscar Hernández,KCR,AL,4,4,4,1,2,0,0,0,0,0,0,0,1,.500,.500,.500,1.000,173,2,1,0,0,0,0,hernaos01
Teoscar Hernández,TOR,AL,50,207,190,33,55,7,0,16,34,6,1,14,63,.289,.340,.579,.919,146,110,4,1,0,1,0,hernate01
Yadiel Hernández*,WSN,NL,12,28,26,3,5,3,0,1,6,0,0,1,12,.192,.214,.423,.637,67,11,0,0,0,1,0,hernaya01
Dilson Herrera,BAL,AL,3,6,5,0,0,0,0,0,0,0,0,0,4,.000,.167,.000,.167,-48,0,0,1,0,0,0,herredi01
Jason Heyward*,CHC,NL,50,181,147,20,39,6,2,6,22,2,0,30,37,.265,.392,.456,.848,129,67,1,2,0,2,1,heywaja01
Aaron Hicks#,NYY,AL,54,211,169,28,38,10,2,6,21,4,1,41,38,.225,.379,.414,.793,122,70,4,1,0,0,1,hicksaa01
Kyle Higashioka,NYY,AL,16,48,48,7,12,1,0,4,10,0,0,0,11,.250,.250,.521,.771,107,25,0,0,0,0,0,higasky01
Derek Hill,DET,AL,15,12,11,3,1,0,0,0,0,0,0,1,6,.091,.167,.091,.258,-26,1,0,0,0,0,0,hillde01
Tim Hill,SDP,NL,1,1,1,0,0,0,0,0,0,0,0,0,1,.000,.000,.000,.000,-100,0,0,0,0,0,0,hillti01
Sam Hilliard*,COL,NL,36,114,105,13,22,2,2,6,10,3,0,9,42,.210,.272,.438,.710,77,46,0,0,0,0,0,hillisa01
Keston Hiura,MIL,NL,59,246,217,30,46,4,0,13,32,3,2,16,85,.212,.297,.410,.707,87,89,7,11,0,2,2,hiurake01
Nico Hoerner,CHC,NL,48,126,108,19,24,4,0,0,13,3,2,12,24,.222,.312,.259,.571,57,28,3,3,0,2,0,hoernni01
Bryan Holaday,BAL,AL,20,33,31,5,5,1,0,0,4,0,0,2,9,.161,.212,.194,.406,12,6,1,0,0,0,0,holadbr01
Jonathan Holder,NYY,AL,1,0,0,1,0,0,0,0,0,0,0,0,0,,,,,,0,0,0,0,0,0,holdejo02
Brock Holt*,TOT,NL,36,106,95,12,20,6,0,0,5,1,0,9,24,.211,.283,.274,.557,52,26,3,1,0,1,0,holtbr01
Brock Holt*,MIL,NL,16,36,30,1,3,0,0,0,1,0,0,4,9,.100,.222,.100,.322,-9,3,2,1,0,1,0,holtbr01
Brock Holt*,WSN,NL,20,70,65,11,17,6,0,0,4,1,0,5,15,.262,.314,.354,.668,81,23,1,0,0,0,0,holtbr01
Rhys Hoskins,PHI,NL,41,185,151,35,37,9,0,10,26,1,0,29,43,.245,.384,.503,.887,138,76,4,5,0,0,0,hoskirh01
Eric Hosmer*,SDP,NL,38,156,143,23,41,6,0,9,36,4,0,9,28,.287,.333,.517,.851,132,74,3,2,0,2,0,hosmeer01
Joe Hudson,SEA,AL,9,20,17,0,3,0,0,0,0,0,0,2,5,.176,.263,.176,.440,28,3,0,0,1,0,0,hudsojo03
Sam Huff,TEX,AL,10,33,31,5,11,3,0,3,4,0,0,2,11,.355,.394,.742,1.136,204,23,0,0,0,0,0,huffsa01
José Iglesias,BAL,AL,39,150,142,16,53,17,0,3,24,0,0,3,17,.373,.400,.556,.956,157,79,1,4,0,1,0,iglesjo01
Raisel Iglesias,CIN,NL,1,0,0,0,0,0,0,0,0,0,0,0,0,,,,,,0,0,0,0,0,0,iglesra01
Ender Inciarte*,ATL,NL,46,131,116,17,22,2,1,1,10,4,1,12,25,.190,.262,.250,.512,36,29,0,0,1,2,0,inciaen01
Alex Jackson,ATL,NL,5,7,7,0,2,1,0,0,0,0,0,0,4,.286,.286,.429,.714,85,3,1,0,0,0,0,jacksal02
Travis Jankowski*,CIN,NL,16,17,15,3,1,0,0,0,0,2,1,2,7,.067,.176,.067,.243,-32,1,1,0,0,0,0,jankotr01
Danny Jansen,TOR,AL,43,147,120,18,22,3,0,6,20,0,0,21,31,.183,.313,.358,.671,85,43,1,2,3,1,0,janseda01
Jon Jay*,ARI,NL,18,57,50,5,8,1,0,1,4,0,0,3,12,.160,.211,.240,.451,22,12,0,1,0,3,0,jayjo02
Ryan Jeffers,MIN,AL,26,62,55,5,15,0,0,3,7,0,0,5,19,.273,.355,.436,.791,119,24,0,2,0,0,0,jeffery01
Jeremy Jeffress,CHC,NL,2,0,0,0,0,0,0,0,0,0,0,0,0,,,,,,0,0,0,0,0,0,jeffrje01
Eloy Jiménez,CHW,AL,55,226,213,26,63,14,0,14,41,0,0,12,56,.296,.332,.559,.891,139,119,4,0,0,1,0,jimenel02
Daniel Johnson*,CLE,AL,5,13,12,0,1,0,0,0,0,0,0,1,5,.083,.154,.083,.237,-32,1,0,0,0,0,1,johnsda07
JaCoby Jones,DET,AL,30,108,97,19,26,9,0,5,14,1,1,7,34,.268,.333,.515,.849,129,50,1,3,0,1,0,jonesja07
Jahmai Jones,LAA,AL,3,7,7,2,3,0,0,0,1,0,0,0,2,.429,.429,.429,.857,137,3,0,0,0,0,0,jonesja08
Taylor Jones,HOU,AL,7,22,21,3,4,1,0,1,3,0,0,1,7,.190,.227,.381,.608,62,8,2,0,0,0,0,jonesta01
Caleb Joseph,TOR,AL,3,9,8,2,1,0,0,1,2,0,0,1,1,.125,.222,.500,.722,90,4,0,0,0,0,0,josepca01
Matt Joyce*,MIA,NL,46,148,127,16,32,4,0,2,14,1,0,20,41,.252,.351,.331,.682,87,42,3,0,0,1,0,joycema01
Aaron Judge,NYY,AL,28,114,101,23,26,3,0,9,22,0,1,10,32,.257,.336,.554,.891,143,56,5,2,0,0,0,judgeaa01
Trevor Kelley,PHI,NL,1,0,0,0,0,0,0,0,0,0,0,0,0,,,,,,0,0,0,0,0,0,kelletr01
Carson Kelly,ARI,NL,39,129,122,11,27,5,0,5,19,0,0,6,29,.221,.264,.385,.649,73,47,4,1,0,0,0,kellyca02
Matt Kemp,COL,NL,43,132,117,18,28,3,0,6,21,1,0,15,41,.239,.326,.419,.745,89,49,5,0,0,0,1,kempma01
Tony Kemp*,OAK,AL,49,114,93,15,23,5,0,0,4,3,1,15,14,.247,.363,.301,.664,90,28,0,3,1,2,0,kempto01
Howie Kendrick,WSN,NL,25,100,91,11,25,4,0,2,14,0,0,7,17,.275,.320,.385,.705,91,35,4,0,0,2,2,kendrho01
Max Kepler*,MIN,AL,48,196,171,27,39,9,0,9,23,3,0,22,36,.228,.321,.439,.760,109,75,1,2,0,1,0,keplema01
Carter Kieboom,WSN,NL,33,122,99,15,20,1,0,0,9,0,1,17,33,.202,.344,.212,.556,57,21,6,5,0,1,0,kieboca01
Kevin Kiermaier*,TBR,AL,49,159,138,16,30,5,3,3,22,8,1,20,42,.217,.321,.362,.683,93,50,2,1,0,0,1,kiermke01
Craig Kimbrel,CHC,NL,3,0,0,0,0,0,0,0,0,0,0,0,0,,,,,,0,0,0,0,0,0,kimbrcr01
Isiah Kiner-Falefa,TEX,AL,58,228,211,28,59,4,3,3,10,8,5,14,32,.280,.329,.370,.699,93,78,6,2,0,1,0,kineris01
Scott Kingery,PHI,NL,36,124,113,12,18,5,0,3,6,0,0,9,35,.159,.228,.283,.511,37,32,1,1,1,0,0,kingesc01
Jason Kipnis*,CHC,NL,44,135,114,13,27,8,1,3,16,1,0,18,41,.237,.341,.404,.744,101,46,1,1,0,2,0,kipnija01
Alejandro Kirk,TOR,AL,9,25,24,4,9,2,0,1,3,0,0,1,4,.375,.400,.583,.983,166,14,0,0,0,0,0,kirkal01
Andrew Knapp#,PHI,NL,33,89,72,9,20,4,1,2,15,0,0,15,19,.278,.404,.444,.849,130,32,1,1,0,1,0,knappan01
Andrew Knizner,STL,NL,8,17,16,1,4,1,0,0,4,0,0,0,5,.250,.235,.313,.548,50,5,2,0,0,1,0,kniznan01
Adam Kolarek*,LAD,NL,1,0,0,0,0,0,0,0,0,0,0,0,0,,,,,,0,0,0,0,0,0,kolarad01
Erik Kratz,NYY,AL,16,30,28,2,9,2,0,0,4,0,0,2,6,.321,.367,.393,.760,113,11,0,0,0,0,0,kratzer01
Tommy La Stella*,TOT,AL,55,228,196,31,55,14,2,5,25,1,0,27,12,.281,.370,.449,.819,126,88,6,2,1,2,0,lasteto01
Tommy La Stella*,LAA,AL,28,117,99,15,27,8,0,4,14,1,0,15,7,.273,.371,.475,.845,130,47,3,1,1,1,0,lasteto01
Tommy La Stella*,OAK,AL,27,111,97,16,28,6,2,1,11,0,0,12,5,.289,.369,.423,.792,122,41,3,1,0,1,0,lasteto01
Juan Lagares,NYM,NL,2,0,0,0,0,0,0,0,0,0,0,0,0,,,,,,0,0,0,0,0,0,lagarju01
Travis Lakins Sr.,BAL,AL,1,0,0,1,0,0,0,0,0,0,0,0,0,,,,,,0,0,0,0,0,0,lakintr01
Jake Lamb*,TOT,MLB,31,99,88,7,17,5,0,3,10,0,1,8,25,.193,.283,.352,.635,74,31,1,3,0,0,0,lambja01
Jake Lamb*,ARI,NL,18,50,43,2,5,1,0,0,1,0,1,6,17,.116,.240,.140,.380,7,6,0,1,0,0,0,lambja01
Jake Lamb*,OAK,AL,13,49,45,5,12,4,0,3,9,0,0,2,8,.267,.327,.556,.882,141,25,1,2,0,0,0,lambja01
Ramón Laureano,OAK,AL,54,222,183,27,39,8,1,6,25,2,1,24,58,.213,.338,.366,.704,98,67,7,12,0,3,0,laurera01
Ryan Lavarnway,MIA,NL,5,11,11,0,4,0,0,0,0,0,0,0,2,.364,.364,.364,.727,98,4,0,0,0,0,0,lavarry01
DJ LeMahieu,NYY,AL,50,216,195,41,71,10,2,10,27,3,0,18,21,.364,.421,.590,1.011,178,115,3,2,0,1,0,lemahdj01
Sandy Leon#,CLE,AL,25,81,66,4,9,1,0,2,4,0,0,14,21,.136,.296,.242,.539,51,16,2,1,0,0,0,leonsa01
Kyle Lewis,SEA,AL,58,242,206,37,54,3,0,11,28,5,1,34,71,.262,.364,.437,.801,124,90,5,0,0,2,0,lewisky01
Tzu-Wei Lin*,BOS,AL,26,57,52,2,8,1,0,0,3,0,0,2,17,.154,.182,.173,.355,-4,9,1,0,2,1,0,lintz02
Francisco Lindor#,CLE,AL,60,266,236,30,61,13,0,8,27,6,2,24,41,.258,.335,.415,.750,104,98,8,4,0,2,2,lindofr01
Tim Locastro,ARI,NL,33,82,69,15,20,4,1,2,7,4,0,8,14,.290,.395,.464,.859,133,32,0,4,1,0,0,locasti01
Shed Long Jr.*,SEA,AL,34,128,117,10,20,5,0,3,9,4,0,11,37,.171,.242,.291,.533,49,34,1,0,0,0,0,longsh01
Evan Longoria,SFG,NL,53,209,193,26,49,10,1,7,28,0,1,11,39,.254,.297,.425,.722,96,82,10,2,0,3,0,longoev01
Tim Lopes,SEA,AL,46,151,143,16,34,12,0,2,15,5,0,6,34,.238,.278,.364,.642,79,52,2,2,0,0,0,lopesti01
Nicky Lopez*,KCR,AL,56,192,169,15,34,8,0,1,13,0,5,18,41,.201,.286,.266,.552,51,45,1,2,3,0,0,lopezni01
Michael Lorenzen,CIN,NL,6,1,0,2,0,0,0,0,0,0,0,0,0,,1.000,,,,0,0,1,0,0,0,lorenmi01
Brandon Lowe*,TBR,AL,56,224,193,36,52,9,2,14,37,3,0,25,58,.269,.362,.554,.916,154,107,2,4,0,2,0,lowebr01
Nathaniel Lowe*,TBR,AL,21,76,67,10,15,2,0,4,11,1,0,9,28,.224,.316,.433,.749,109,29,2,0,0,0,2,lowena01
Jonathan Lucroy,BOS,AL,1,0,0,0,0,0,0,0,0,0,0,0,0,,,,,,0,0,0,0,0,0,lucrojo01
Dawel Lugo,DET,AL,9,11,10,3,2,0,0,0,1,0,0,1,1,.200,.273,.200,.473,34,2,1,0,0,0,0,lugoda01
Jordan Luplow,CLE,AL,29,92,78,8,15,5,1,2,8,0,1,12,19,.192,.304,.359,.663,81,28,3,1,0,1,0,luplojo01
Gavin Lux*,LAD,NL,19,69,63,8,11,2,0,3,8,1,0,6,19,.175,.246,.349,.596,59,22,0,0,0,0,0,luxga01
Manny Machado,SDP,NL,60,254,224,44,68,12,1,16,47,6,3,26,37,.304,.370,.580,.950,160,130,9,0,0,4,4,machama01
Vimael Machín*,OAK,AL,24,71,63,11,13,2,0,0,0,0,0,8,10,.206,.296,.238,.534,53,15,4,0,0,0,0,machivi01
Nick Madrigal,CHW,AL,29,109,103,8,35,3,0,0,11,2,1,4,7,.340,.376,.369,.745,107,38,5,2,0,0,0,madrini01
Martín Maldonado,HOU,AL,47,165,135,19,29,4,0,6,24,1,0,27,51,.215,.350,.378,.727,99,51,2,1,2,0,0,maldoma01
Rafael Marchan#,PHI,NL,3,9,8,3,4,0,0,1,3,0,0,1,2,.500,.556,.875,1.431,279,7,0,0,0,0,0,marchra01
Manuel Margot,TBR,AL,47,159,145,19,39,9,0,1,11,12,4,13,25,.269,.327,.352,.679,93,51,0,0,0,1,0,margoma01
Jake Marisnick,NYM,NL,16,34,33,4,11,3,0,2,5,0,0,1,10,.333,.353,.606,.959,158,20,0,0,0,0,0,marisja01
Nick Markakis*,ATL,NL,37,141,130,15,33,15,0,1,15,0,1,10,23,.254,.312,.392,.704,85,51,5,1,0,0,0,markani01
José Marmolejos*,SEA,AL,35,115,107,12,22,4,0,6,18,0,1,7,32,.206,.261,.411,.672,85,44,2,1,0,0,0,marmojo01
Ketel Marte#,ARI,NL,45,195,181,19,52,14,1,2,17,1,0,7,21,.287,.323,.409,.732,97,74,2,4,0,3,0,marteke01
Starling Marte,TOT,NL,61,250,228,36,64,14,1,6,27,10,2,12,41,.281,.340,.430,.770,107,98,5,9,0,1,1,martest01
Starling Marte,ARI,NL,33,138,122,23,38,8,1,2,14,5,2,10,19,.311,.384,.443,.827,124,54,3,5,0,1,1,martest01
Starling Marte,MIA,NL,28,112,106,13,26,6,0,4,13,5,0,2,22,.245,.286,.415,.701,86,44,2,4,0,0,0,martest01
Jason Martin*,PIT,NL,7,11,9,2,0,0,0,0,0,0,0,2,4,.000,.182,.000,.182,-44,0,0,0,0,0,0,martija03
J.D. Martinez,BOS,AL,54,237,211,22,45,16,0,7,27,1,0,22,59,.213,.291,.389,.680,79,82,6,2,0,2,3,martijd02
José Martínez,TOT,MLB,34,98,88,10,16,4,0,2,10,0,0,10,27,.182,.265,.295,.561,57,26,6,0,0,0,1,martijo08
José Martínez,TBR,AL,24,76,67,10,16,4,0,2,10,0,0,9,20,.239,.329,.388,.717,102,26,5,0,0,0,1,martijo08
José Martínez,CHC,NL,10,22,21,0,0,0,0,0,0,0,0,1,7,.000,.045,.000,.045,-86,0,1,0,0,0,0,martijo08
Jorge Mateo,SDP,NL,22,28,26,4,4,3,0,0,2,1,0,1,11,.154,.185,.269,.454,25,7,1,0,1,0,0,mateojo01
Mark Mathias,MIL,NL,16,36,36,2,10,3,0,0,4,1,0,0,7,.278,.278,.361,.639,70,13,0,0,0,0,0,mathima01
Jeff Mathis,TEX,AL,24,68,62,6,10,1,1,3,9,1,0,5,24,.161,.221,.355,.575,56,22,0,0,0,1,0,mathije01
Wyatt Mathisen,ARI,NL,9,33,27,5,6,0,0,2,5,0,0,5,12,.222,.364,.444,.808,118,12,0,1,0,0,0,mathiwy01
Cameron Maybin,TOT,MLB,32,101,93,8,23,8,1,1,7,3,0,7,25,.247,.307,.387,.694,88,36,4,1,0,0,0,maybica01
Cameron Maybin,DET,AL,14,45,41,5,10,4,0,1,2,0,0,4,13,.244,.311,.415,.726,98,17,3,0,0,0,0,maybica01
Cameron Maybin,CHC,NL,18,56,52,3,13,4,1,0,5,3,0,3,12,.250,.304,.365,.669,80,19,1,1,0,0,0,maybica01
Jack Mayfield,HOU,AL,21,47,42,5,8,1,0,0,3,0,0,2,14,.190,.239,.214,.453,26,9,1,1,1,1,0,mayfija01
Nomar Mazara*,CHW,AL,42,149,136,13,31,6,0,1,15,0,1,10,44,.228,.295,.294,.589,64,40,0,3,0,0,0,mazarno01
Ryan McBroom,KCR,AL,36,85,81,8,20,3,0,6,10,0,0,4,30,.247,.282,.506,.789,107,41,2,0,0,0,0,mcbrory01
James McCann,CHW,AL,31,111,97,20,28,3,0,7,15,1,1,8,30,.289,.360,.536,.896,143,52,2,4,0,2,0,mccanja02
Joe McCarthy*,SFG,NL,4,10,10,0,0,0,0,0,0,0,0,0,5,.000,.000,.000,.000,-100,0,0,0,0,0,0,mccarjo04
Andrew McCutchen,PHI,NL,57,241,217,32,55,9,0,10,34,4,0,22,48,.253,.324,.433,.757,102,94,4,1,0,1,0,mccutan01
Reese McGuire*,TOR,AL,19,45,41,2,3,0,0,1,1,0,0,0,11,.073,.073,.146,.220,-42,6,1,0,4,0,0,mcguire01
Billy McKinney*,TOR,AL,2,3,3,1,2,0,0,0,0,0,0,0,0,.667,.667,.667,1.333,270,2,0,0,0,0,0,mckinbi01
Zach McKinstry*,LAD,NL,4,7,7,1,2,1,0,0,0,0,0,0,3,.286,.286,.429,.714,90,3,1,0,0,0,0,mckinza01
Ryan McMahon*,COL,NL,52,193,172,23,37,6,1,9,26,0,1,18,66,.215,.295,.419,.714,80,72,4,2,0,1,0,mcmahry01
Jeff McNeil*,NYM,NL,52,209,183,19,57,14,0,4,23,0,2,20,24,.311,.383,.454,.836,130,83,3,3,0,3,2,mcneije01
Austin Meadows*,TBR,AL,36,152,132,19,27,8,1,4,13,2,1,17,50,.205,.296,.371,.667,87,49,0,1,0,2,0,meadoau01
Erick Mejia#,KCR,AL,8,16,14,1,1,1,0,0,0,1,0,0,7,.071,.071,.143,.214,-44,2,0,0,1,0,0,mejiaer01
Francisco Mejía#,SDP,NL,17,42,39,5,3,1,0,1,2,0,0,1,9,.077,.143,.179,.322,-11,7,1,2,0,0,0,mejiafr01
Mark Melancon,ATL,NL,1,0,0,0,0,0,0,0,0,0,0,0,0,,,,,,0,0,0,0,0,0,melanma01
Danny Mendick,CHW,AL,33,114,107,11,26,4,1,3,6,0,1,6,25,.243,.281,.383,.664,81,41,3,0,0,1,0,mendida01
Oscar Mercado,CLE,AL,36,93,86,6,11,1,0,1,6,3,0,5,27,.128,.174,.174,.348,-4,15,0,0,1,1,0,mercaos01
Yermín Mercedes,CHW,AL,1,1,1,0,0,0,0,0,0,0,0,0,0,.000,.000,.000,.000,-100,0,0,0,0,0,0,merceye01
Jordy Mercer,TOT,AL,9,22,20,2,4,0,0,0,0,0,0,2,2,.200,.273,.200,.473,35,4,1,0,0,0,0,mercejo03
Jordy Mercer,DET,AL,3,9,9,1,2,0,0,0,0,0,0,0,1,.222,.222,.222,.444,23,2,1,0,0,0,0,mercejo03
Jordy Mercer,NYY,AL,6,13,11,1,2,0,0,0,0,0,0,2,1,.182,.308,.182,.490,42,2,0,0,0,0,0,mercejo03
Whit Merrifield,KCR,AL,60,265,248,38,70,12,0,9,30,12,3,12,33,.282,.325,.440,.764,105,109,3,4,0,1,0,merriwh01
Brad Miller*,STL,NL,48,171,142,21,33,8,1,7,25,1,0,25,46,.232,.357,.451,.807,122,64,2,3,0,1,1,millebr02
Ian Miller*,CHC,NL,1,0,0,0,0,0,0,0,0,0,0,0,0,,,,,,0,0,0,0,0,0,milleia01
Alec Mills,CHC,NL,1,1,1,0,0,0,0,0,0,0,0,0,1,.000,.000,.000,.000,-100,0,0,0,0,0,0,millsal02
Yadier Molina,STL,NL,42,156,145,12,38,2,0,4,16,0,0,6,21,.262,.303,.359,.662,83,52,7,3,1,1,0,molinya01
Yoán Moncada#,CHW,AL,52,231,200,28,45,8,3,6,24,0,0,28,72,.225,.320,.385,.705,94,77,1,1,0,2,0,moncayo01
Adalberto Mondesí#,KCR,AL,59,233,219,33,56,11,3,6,22,24,8,11,70,.256,.294,.416,.710,90,91,4,1,2,0,0,mondera02
Mickey Moniak*,PHI,NL,8,18,14,3,3,0,0,0,0,0,0,4,6,.214,.389,.214,.603,70,3,0,0,0,0,0,moniami01
Dylan Moore,SEA,AL,38,159,137,26,35,9,0,8,17,12,5,14,43,.255,.358,.496,.855,138,68,4,8,0,0,0,mooredy01
Colin Moran*,PIT,NL,52,200,178,28,44,10,0,10,23,0,0,19,52,.247,.325,.472,.797,114,84,9,2,0,1,0,moranco01
Mitch Moreland*,TOT,MLB,42,152,136,22,36,9,0,10,29,0,0,15,32,.265,.342,.551,.894,138,75,0,1,0,0,2,morelmi01
Mitch Moreland*,BOS,AL,22,79,67,14,22,4,0,8,21,0,0,11,18,.328,.430,.746,1.177,205,50,0,1,0,0,1,morelmi01
Mitch Moreland*,SDP,NL,20,73,69,8,14,5,0,2,8,0,0,4,14,.203,.247,.362,.609,67,25,0,0,0,0,1,morelmi01
Logan Morrison*,MIL,NL,9,28,25,3,3,1,0,1,2,0,0,3,8,.120,.214,.280,.494,31,7,0,0,0,0,0,morrilo01
Ryan Mountcastle,BAL,AL,35,140,126,12,42,5,0,5,23,0,1,11,30,.333,.386,.492,.878,137,62,2,1,0,2,0,mountry01
Mike Moustakas*,CIN,NL,44,163,139,13,32,9,0,8,27,1,0,18,36,.230,.331,.468,.799,105,65,5,4,0,2,1,moustmi01
Cedric Mullins*,BAL,AL,48,153,140,16,38,4,3,3,12,7,2,8,37,.271,.315,.407,.723,95,57,0,1,4,0,0,mullice01
Max Muncy*,LAD,NL,58,248,203,36,39,4,0,12,27,1,0,39,60,.192,.331,.389,.720,95,79,3,4,0,2,2,muncyma01
Yairo Munoz,BOS,AL,12,45,45,6,15,5,0,1,4,2,0,0,11,.333,.333,.511,.844,121,23,1,0,0,0,0,munozya01
Daniel Murphy*,COL,NL,40,132,123,10,29,3,0,3,16,0,0,7,21,.236,.275,.333,.608,55,41,3,0,0,1,2,murphda08
John Ryan Murphy,PIT,NL,25,63,58,6,10,2,0,0,2,0,0,4,28,.172,.226,.207,.433,20,12,1,0,1,0,0,murphjr01
Sean Murphy,OAK,AL,43,140,116,21,27,5,0,7,14,0,0,24,37,.233,.364,.457,.821,129,53,6,0,0,0,0,murphse01
Wil Myers,SDP,NL,55,218,198,34,57,14,2,15,40,2,1,18,56,.288,.353,.606,.959,160,120,0,2,0,0,0,myerswi01
Tyler Naquin*,CLE,AL,40,141,133,15,29,8,1,4,20,0,1,5,40,.218,.248,.383,.632,70,51,3,1,0,2,0,naquity01
Omar Narváez*,MIL,NL,40,126,108,8,19,4,0,2,10,0,0,16,39,.176,.294,.269,.562,53,29,1,2,0,0,0,narvaom01
Brian Navarreto,MIA,NL,2,5,5,0,2,0,0,0,0,0,0,0,1,.400,.400,.400,.800,118,2,0,0,0,0,0,navarbr01
Josh Naylor*,TOT,MLB,40,104,97,13,24,3,1,1,6,1,0,5,12,.247,.291,.330,.621,71,32,2,1,0,0,0,naylojo01
Josh Naylor*,SDP,NL,18,38,36,4,10,0,1,1,4,1,0,1,4,.278,.316,.417,.732,102,15,2,1,0,0,0,naylojo01
Josh Naylor*,CLE,AL,22,66,61,9,14,3,0,0,2,0,0,4,8,.230,.277,.279,.556,54,17,0,0,0,0,0,naylojo01
Héctor Neris,PHI,NL,1,0,0,0,0,0,0,0,0,0,0,0,0,,,,,,0,0,0,0,0,0,nerishe01
Kevin Newman,PIT,NL,44,172,156,12,35,5,0,1,10,0,1,12,21,.224,.281,.276,.556,53,43,1,1,1,2,0,newmake01
Tomás Nido,NYM,NL,7,26,24,4,7,1,0,2,6,0,0,2,6,.292,.346,.583,.929,150,14,2,0,0,0,0,nidoto01
Brandon Nimmo*,NYM,NL,55,225,186,33,52,8,3,8,18,1,2,33,43,.280,.404,.484,.888,145,90,1,6,0,0,0,nimmobr01
John Nogowski,STL,NL,1,4,4,0,1,0,0,0,0,0,0,0,1,.250,.250,.250,.500,40,1,0,0,0,0,0,nogowjo01
Aaron Nola,PHI,NL,1,0,0,0,0,0,0,0,0,0,0,0,0,,,,,,0,0,0,0,0,0,nolaaa01
Austin Nola,TOT,MLB,48,184,161,24,44,9,1,7,28,0,0,18,34,.273,.353,.472,.825,129,76,3,3,0,2,1,nolaau01
Austin Nola,SEA,AL,29,110,98,15,30,5,1,5,19,0,0,9,17,.306,.373,.531,.903,151,52,1,2,0,1,1,nolaau01
Austin Nola,SDP,NL,19,74,63,9,14,4,0,2,9,0,0,9,17,.222,.324,.381,.705,96,24,2,1,0,1,0,nolaau01
Jake Noll,WSN,NL,7,17,17,2,6,1,0,0,0,0,0,0,4,.353,.353,.412,.765,107,7,1,0,0,0,0,nollja01
Jacob Nottingham,MIL,NL,20,54,48,8,9,1,0,4,13,0,0,5,20,.188,.278,.458,.736,93,22,1,1,0,0,0,nottija01
Eduardo Núñez,NYM,NL,2,2,2,0,1,0,0,0,0,1,0,0,0,.500,.500,.500,1.000,178,1,0,0,0,0,0,nunezed02
Renato Núñez,BAL,AL,52,216,195,29,50,10,0,12,31,0,0,17,64,.256,.324,.492,.816,118,96,4,3,0,1,0,nunezre01
Brian O'Grady*,TBR,AL,2,5,5,2,2,1,0,0,0,1,0,0,1,.400,.400,.600,1.000,178,3,0,0,0,0,0,ogradbr01
Ryan O'Hearn*,KCR,AL,42,132,113,7,22,6,0,2,18,0,0,18,37,.195,.303,.301,.604,65,34,5,0,0,1,2,ohearry01
Tyler O'Neill,STL,NL,50,157,139,20,24,5,0,7,19,3,1,15,43,.173,.261,.360,.621,70,50,3,2,0,1,0,oneilty01
Joseph Odom,SEA,AL,18,44,39,2,5,0,0,0,2,0,0,4,20,.128,.209,.128,.338,-1,5,1,0,1,0,0,odomjo01
Rougned Odor*,TEX,AL,38,148,138,15,23,4,0,10,30,0,1,7,47,.167,.209,.413,.623,66,57,2,1,0,2,0,odorro01
Shohei Ohtani*,LAA,AL,44,175,153,23,29,6,0,7,24,7,1,22,50,.190,.291,.366,.657,79,56,3,0,0,0,0,ohtansh01
Jared Oliva,PIT,NL,6,16,16,0,3,0,0,0,0,1,0,0,6,.188,.188,.188,.375,3,3,0,0,0,0,0,olivaja01
Edward Olivares,TOT,MLB,31,101,96,9,23,2,1,3,10,0,2,4,25,.240,.267,.375,.642,73,36,1,0,0,1,0,olivaed02
Edward Olivares,SDP,NL,13,36,34,4,6,1,0,1,3,0,1,2,14,.176,.222,.294,.516,43,10,0,0,0,0,0,olivaed02
Edward Olivares,KCR,AL,18,65,62,5,17,1,1,2,7,0,1,2,11,.274,.292,.419,.712,90,26,1,0,0,1,0,olivaed02
Matt Olson*,OAK,AL,60,245,210,28,41,4,1,14,42,1,0,34,77,.195,.310,.424,.734,103,89,2,1,0,0,2,olsonma02
Jorge Oña,SDP,NL,5,15,12,3,3,1,0,1,2,0,0,2,7,.250,.400,.583,.983,170,7,0,1,0,0,0,onajo01
Nate Orf,OAK,AL,6,7,7,1,0,0,0,0,0,0,0,0,1,.000,.000,.000,.000,-100,0,0,0,0,0,0,orfna01
José Osuna,PIT,NL,26,82,78,6,16,3,0,4,11,0,1,4,16,.205,.244,.397,.641,71,31,1,0,0,0,0,osunajo01
Chris Owings,COL,NL,17,44,41,9,11,1,0,2,5,1,0,3,11,.268,.318,.439,.757,91,18,0,0,0,0,0,owingch01
Marcell Ozuna,ATL,NL,60,267,228,38,77,14,0,18,56,0,0,38,60,.338,.431,.636,1.067,177,145,3,0,0,1,3,ozunama01
Cristian Pache,ATL,NL,2,4,4,0,1,0,0,0,0,0,0,0,2,.250,.250,.250,.500,33,1,0,0,0,0,0,pachecr01
Emilio Pagán*,SDP,NL,1,0,0,0,0,0,0,0,0,0,0,0,0,,,,,,0,0,0,0,0,0,paganem01
Joe Panik*,TOR,AL,41,141,120,18,27,6,0,1,7,0,0,20,27,.225,.340,.300,.640,79,36,4,1,0,0,0,panikjo01
Isaac Paredes,DET,AL,34,108,100,7,22,4,0,1,6,0,0,8,24,.220,.278,.290,.568,57,29,1,0,0,0,0,paredis01
Blake Parker,PHI,NL,1,0,0,0,0,0,0,0,0,0,0,0,0,,,,,,0,0,0,0,0,0,parkebl01
Mark Payton*,CIN,NL,8,20,18,0,3,1,0,0,0,1,0,2,5,.167,.250,.222,.472,25,4,1,0,0,0,0,paytoma01
Joc Pederson*,LAD,NL,43,138,121,21,23,4,0,7,16,1,0,11,34,.190,.285,.397,.681,83,48,5,5,0,0,0,pederjo01
Hunter Pence,SFG,NL,17,56,52,4,5,0,1,2,6,0,0,3,15,.096,.161,.250,.411,11,13,3,1,0,0,0,pencehu01
David Peralta*,ARI,NL,54,218,203,19,61,10,1,5,34,1,0,13,45,.300,.339,.433,.773,108,88,4,0,0,2,0,peralda01
José Peraza,BOS,AL,34,120,111,13,25,8,1,1,8,1,1,5,18,.225,.275,.342,.617,64,38,3,3,0,1,0,perazjo01
Hernán Pérez,CHC,NL,3,6,6,0,1,0,0,0,0,0,0,0,2,.167,.167,.167,.333,-9,1,0,0,0,0,0,perezhe01
Michael Perez*,TBR,AL,38,93,84,7,14,3,0,1,13,0,0,7,27,.167,.237,.238,.475,35,20,3,1,0,1,0,perezmi03
Roberto Perez,CLE,AL,32,110,97,6,16,2,0,1,5,0,0,11,38,.165,.264,.216,.480,34,21,2,2,0,0,0,perezro02
Salvador Perez,KCR,AL,37,156,150,22,50,12,0,11,32,1,0,3,36,.333,.353,.633,.986,159,95,0,2,0,1,0,perezsa02
Jace Peterson*,MIL,NL,26,61,45,6,9,1,0,2,5,1,0,15,20,.200,.393,.356,.749,104,16,0,0,0,1,0,peterja01
Tommy Pham,SDP,NL,31,125,109,13,23,2,0,3,12,6,0,15,27,.211,.312,.312,.624,75,34,2,1,0,0,0,phamth01
Josh Phegley,CHC,NL,11,18,16,4,1,0,0,1,2,0,0,1,3,.063,.167,.250,.417,11,4,0,1,0,0,0,phegljo01
David Phelps,TOT,NL,1,0,0,0,0,0,0,0,0,0,0,0,0,,,,,,0,0,0,0,0,0,phelpda01
David Phelps,MIL,NL,1,0,0,0,0,0,0,0,0,0,0,0,0,,,,,,0,0,0,0,0,0,phelpda01
Brett Phillips*,TOT,AL,35,59,51,10,10,0,2,2,5,6,1,8,15,.196,.305,.392,.697,91,20,0,0,0,0,0,phillbr02
Brett Phillips*,KCR,AL,18,34,31,8,7,0,1,1,2,3,1,3,8,.226,.294,.387,.681,83,12,0,0,0,0,0,phillbr02
Brett Phillips*,TBR,AL,17,25,20,2,3,0,1,1,3,3,0,5,7,.150,.320,.400,.720,102,8,0,0,0,0,0,phillbr02
Kevin Pillar,TOT,MLB,54,223,208,34,60,12,3,6,26,5,2,13,41,.288,.336,.462,.798,106,96,4,2,0,0,1,pillake01
Kevin Pillar,BOS,AL,30,126,117,20,32,7,2,4,13,1,1,8,23,.274,.325,.470,.795,109,55,4,1,0,0,0,pillake01
Kevin Pillar,COL,NL,24,97,91,14,28,5,1,2,13,4,1,5,18,.308,.351,.451,.801,103,41,0,1,0,0,1,pillake01
Manny Piña,MIL,NL,15,45,39,4,9,1,0,2,5,0,0,3,11,.231,.333,.410,.744,98,16,0,3,0,0,0,pinama01
Chad Pinder,OAK,AL,24,61,56,8,13,3,0,2,8,0,0,5,13,.232,.295,.393,.688,91,22,3,0,0,0,0,pindech01
Stephen Piscotty,OAK,AL,45,171,159,17,36,6,0,5,29,4,0,9,53,.226,.271,.358,.629,75,57,4,1,1,1,0,piscost01
Kevin Plawecki,BOS,AL,24,89,82,8,28,5,1,1,17,1,0,5,14,.341,.393,.463,.857,128,38,4,2,0,0,0,plaweke01
Adam Plutko,CLE,AL,1,0,0,0,0,0,0,0,0,0,0,0,0,,,,,,0,0,0,0,0,0,plutkad01
Gregory Polanco*,PIT,NL,50,174,157,12,24,6,0,7,22,3,1,13,65,.153,.214,.325,.539,44,51,1,0,0,3,0,polangr01
Jorge Polanco#,MIN,AL,55,226,209,22,54,8,0,4,19,4,2,13,35,.258,.304,.354,.658,82,74,7,1,2,1,0,polanjo01
AJ Pollock,LAD,NL,55,210,196,30,54,9,0,16,34,2,2,12,45,.276,.314,.566,.881,132,111,6,0,0,2,1,polloaj01
Jurickson Profar#,SDP,NL,56,202,180,28,50,6,0,7,25,7,1,15,28,.278,.343,.428,.771,114,77,1,4,1,2,0,profaju01
César Puello,BOS,AL,5,11,8,1,3,0,0,0,0,0,0,2,2,.375,.500,.375,.875,140,3,0,0,1,0,0,puellce01
Albert Pujols,LAA,AL,39,163,152,15,34,8,0,6,25,0,0,9,25,.224,.270,.395,.665,79,60,4,1,0,1,1,pujolal01
Roman Quinn#,PHI,NL,41,116,108,14,23,3,1,2,7,12,0,5,39,.213,.261,.315,.576,55,34,0,2,1,0,0,quinnro01
Harold Ramírez,MIA,NL,3,11,10,2,2,0,0,0,1,0,1,1,2,.200,.273,.200,.473,31,2,0,0,0,0,0,ramirha02
José Ramírez#,CLE,AL,58,254,219,45,64,16,1,17,46,10,3,31,43,.292,.386,.607,.993,167,133,2,3,0,1,0,ramirjo01
Wilson Ramos,NYM,NL,45,155,142,13,34,6,0,5,15,0,0,10,31,.239,.297,.387,.684,87,55,5,2,0,1,0,ramoswi01
Rangel Ravelo,STL,NL,13,41,35,5,6,1,0,1,6,0,0,4,6,.171,.244,.286,.530,47,10,0,0,0,2,0,ravelra01
J.T. Realmuto,PHI,NL,47,195,173,33,46,6,0,11,32,4,1,16,48,.266,.349,.491,.840,124,85,3,6,0,0,0,realmjt01
Josh Reddick*,HOU,AL,56,210,188,22,46,11,1,4,23,1,0,20,42,.245,.316,.378,.693,89,71,5,0,0,1,0,reddijo01
Rob Refsnyder,TEX,AL,15,34,30,4,6,1,0,0,1,0,0,2,11,.200,.265,.233,.498,40,7,0,1,0,1,0,refsnro01
Anthony Rendon,LAA,AL,52,232,189,29,54,11,1,9,31,0,0,38,31,.286,.418,.497,.915,150,94,10,5,0,0,2,rendoan01
Hunter Renfroe,TBR,AL,42,139,122,18,19,5,0,8,22,2,0,14,37,.156,.252,.393,.645,79,48,3,2,0,1,0,renfrhu01
Luis Rengifo#,LAA,AL,33,106,90,12,14,1,0,1,3,3,1,14,26,.156,.269,.200,.469,32,18,2,0,2,0,0,rengilu01
Franmil Reyes,CLE,AL,59,241,211,27,58,10,0,9,34,0,0,24,69,.275,.344,.450,.795,116,95,6,1,0,5,0,reyesfr01
Victor Reyes#,DET,AL,57,213,202,30,56,7,2,4,14,8,2,9,45,.277,.315,.391,.706,93,79,4,2,0,0,0,reyesvi01
Bryan Reynolds#,PIT,NL,55,208,185,24,35,6,2,7,19,1,1,21,57,.189,.275,.357,.632,71,66,2,1,0,0,0,reynobr01
Matt Reynolds,KCR,AL,3,11,11,1,0,0,0,0,0,0,0,0,7,.000,.000,.000,.000,-100,0,0,0,0,0,0,reynoma03
Joey Rickard,SFG,NL,4,6,5,1,0,0,0,0,0,0,0,1,1,.000,.167,.000,.167,-48,0,0,0,0,0,0,rickajo01
JT Riddle*,PIT,NL,23,69,67,8,10,2,0,1,1,1,0,2,13,.149,.174,.224,.398,8,15,0,0,0,0,0,riddljt01
Austin Riley,ATL,NL,51,206,188,24,45,7,1,8,27,0,0,16,49,.239,.301,.415,.716,86,78,5,1,0,1,1,rileyau01
Edwin Rios*,LAD,NL,32,83,76,13,19,6,0,8,17,0,0,4,18,.250,.301,.645,.946,147,49,2,2,0,1,0,riosed01
René Rivera,NYM,NL,2,4,4,0,1,0,0,0,0,0,0,0,3,.250,.250,.250,.500,39,1,0,0,0,0,0,riverre01
Yadiel Rivera,TEX,AL,4,5,5,0,0,0,0,0,0,1,0,0,1,.000,.000,.000,.000,-100,0,0,0,0,0,0,riverya01
Anthony Rizzo*,CHC,NL,58,243,203,26,45,6,0,11,24,3,1,28,38,.222,.342,.414,.755,103,84,6,10,0,2,4,rizzoan01
Luis Robert,CHW,AL,56,227,202,33,47,8,0,11,31,9,2,20,73,.233,.302,.436,.738,100,88,4,1,0,2,0,roberlu01
Daniel Robertson,SFG,NL,13,24,21,4,7,0,0,0,2,0,0,3,6,.333,.417,.333,.750,112,7,0,0,0,0,0,roberda10
Victor Robles,WSN,NL,52,189,168,20,37,5,1,3,15,4,1,9,53,.220,.293,.315,.608,66,53,0,9,1,2,0,roblevi01
Brendan Rodgers,COL,NL,7,21,21,1,2,1,0,0,2,0,0,0,6,.095,.095,.143,.238,-40,3,0,0,0,0,0,rodgebr02
Sean Rodríguez,MIA,NL,4,13,13,0,2,0,0,0,0,0,0,0,6,.154,.154,.154,.308,-16,2,0,0,0,0,0,rodrise01
Josh Rojas*,ARI,NL,17,70,61,9,11,0,0,0,2,1,1,7,16,.180,.257,.180,.437,22,11,1,0,0,2,0,rojasjo01
Miguel Rojas,MIA,NL,40,143,125,20,38,10,1,4,20,5,1,16,18,.304,.392,.496,.888,138,62,1,2,0,0,2,rojasmi02
Andrew Romine#,TEX,AL,2,4,4,1,1,1,0,0,0,0,0,0,1,.250,.250,.500,.750,100,2,0,0,0,0,0,rominan01
Austin Romine,DET,AL,37,135,130,12,31,5,0,2,17,0,0,4,47,.238,.259,.323,.582,59,42,3,0,0,1,0,rominau01
Brent Rooker,MIN,AL,7,21,19,4,6,2,0,1,5,0,0,0,5,.316,.381,.579,.960,162,11,0,2,0,0,0,rookebr01
Amed Rosario,NYM,NL,46,147,143,20,36,3,1,4,15,0,1,4,34,.252,.272,.371,.643,75,53,5,0,0,0,0,rosaram01
Eddie Rosario*,MIN,AL,57,231,210,31,54,7,0,13,42,3,1,19,34,.257,.316,.476,.792,116,100,3,0,0,2,2,rosared01
Trevor Rosenthal,TOT,MLB,2,0,0,0,0,0,0,0,0,0,0,0,0,,,,,,0,0,0,0,0,0,rosentr01
Trevor Rosenthal,KCR,AL,1,0,0,0,0,0,0,0,0,0,0,0,0,,,,,,0,0,0,0,0,0,rosentr01
Trevor Rosenthal,SDP,NL,1,0,0,0,0,0,0,0,0,0,0,0,0,,,,,,0,0,0,0,0,0,rosentr01
Darin Ruf,SFG,NL,40,100,87,11,24,6,0,5,18,1,0,13,23,.276,.370,.517,.887,142,45,1,0,0,0,0,rufda01
José Ruiz,CHW,AL,1,0,0,0,0,0,0,0,0,0,0,0,0,,,,,,0,0,0,0,0,0,ruizjo01
Keibert Ruiz#,LAD,NL,2,8,8,1,2,0,0,1,1,0,0,0,3,.250,.250,.625,.875,126,5,0,0,0,0,0,ruizke01
Rio Ruiz*,BAL,AL,54,204,185,25,41,11,0,9,32,1,2,17,46,.222,.286,.427,.713,90,79,4,0,1,1,1,ruizri01
Ali Sánchez,NYM,NL,5,10,9,0,1,0,0,0,0,0,0,1,3,.111,.200,.111,.311,-10,1,2,0,0,0,0,sanchal04
Gary Sanchez,NYY,AL,49,178,156,19,23,4,0,10,24,0,0,18,64,.147,.253,.365,.618,70,57,6,4,0,0,0,sanchga02
Jesús Sánchez*,MIA,NL,10,29,25,1,1,1,0,0,2,0,0,4,11,.040,.172,.080,.252,-28,2,1,0,0,0,0,sanchje02
Yolmer Sanchez#,CHW,AL,11,21,16,7,5,3,0,1,1,0,0,5,5,.313,.476,.688,1.164,216,11,1,0,0,0,0,sanchca01
Pablo Sandoval#,TOT,NL,34,94,84,5,18,1,0,1,6,0,0,8,19,.214,.287,.262,.549,54,22,3,1,0,1,0,sandopa01
Pablo Sandoval#,SFG,NL,33,90,82,5,18,1,0,1,6,0,0,6,18,.220,.278,.268,.546,52,22,3,1,0,1,0,sandopa01
Pablo Sandoval#,ATL,NL,1,4,2,0,0,0,0,0,0,0,0,2,1,.000,.500,.000,.500,50,0,0,0,0,0,0,sandopa01
Miguel Sanó,MIN,AL,53,205,186,31,38,12,0,13,25,0,0,18,90,.204,.278,.478,.757,105,89,3,1,0,0,1,sanomi01
Carlos Santana#,CLE,AL,60,255,206,34,41,7,0,8,30,0,0,47,43,.199,.349,.350,.699,93,72,5,1,0,1,1,santaca01
Danny Santana#,TEX,AL,15,63,55,6,8,4,0,1,7,2,0,7,24,.145,.238,.273,.511,41,15,1,0,0,1,0,santada01
Domingo Santana,CLE,AL,24,84,70,6,11,3,0,2,12,0,0,13,25,.157,.298,.286,.583,62,20,2,1,0,0,0,santado01
Anthony Santander#,BAL,AL,37,165,153,24,40,13,1,11,32,0,1,10,25,.261,.315,.575,.890,135,88,2,2,0,0,3,santaan02
Scott Schebler*,ATL,NL,1,1,1,0,0,0,0,0,0,0,0,0,0,.000,.000,.000,.000,-100,0,0,0,0,0,0,schebsc01
Jonathan Schoop,DET,AL,44,177,162,26,45,4,2,8,23,0,0,8,39,.278,.324,.475,.799,116,77,8,4,0,2,0,schoojo01
Max Schrock*,STL,NL,11,17,17,1,3,0,0,1,1,0,0,0,6,.176,.176,.353,.529,42,6,0,0,0,0,0,schroma01
Kyle Schwarber*,CHC,NL,59,224,191,30,36,6,0,11,24,1,0,30,66,.188,.308,.393,.701,88,75,3,3,0,0,1,schwaky01
Corey Seager*,LAD,NL,52,232,212,38,65,12,1,15,41,1,0,17,37,.307,.358,.585,.943,150,124,8,1,0,2,0,seageco01
Kyle Seager*,SEA,AL,60,248,203,35,49,12,0,9,40,5,0,32,33,.241,.355,.433,.788,121,88,4,7,0,6,3,seageky01
Jean Segura,PHI,NL,54,217,192,28,51,5,2,7,25,2,2,23,45,.266,.347,.422,.769,107,81,6,1,1,0,2,segurje01
Marcus Semien,OAK,AL,53,236,211,28,47,9,1,7,23,4,0,25,50,.223,.305,.374,.679,89,79,3,0,0,0,0,semiema01
Nick Senzel,CIN,NL,23,78,70,8,13,6,0,2,8,2,1,6,15,.186,.247,.357,.604,55,25,2,0,0,1,0,senzeni01
Pedro Severino,BAL,AL,48,178,160,17,40,5,1,5,21,1,0,16,40,.250,.322,.388,.710,92,62,3,1,1,0,0,severpe01
Travis Shaw*,TOR,AL,50,180,163,17,39,10,0,6,17,0,0,16,50,.239,.306,.411,.717,95,67,4,0,0,1,0,shawtr01
Magneuris Sierra*,MIA,NL,19,53,44,8,11,3,1,0,7,4,1,5,9,.250,.333,.364,.697,89,16,0,1,2,1,0,sierrma01
Andrelton Simmons,LAA,AL,30,127,118,19,35,7,0,0,10,2,0,8,16,.297,.346,.356,.702,94,42,5,1,0,0,0,simmoan01
Chance Sisco*,BAL,AL,36,121,98,11,21,4,0,4,10,0,0,17,41,.214,.364,.378,.741,103,37,1,6,0,0,0,siscoch01
Austin Slater,SFG,NL,31,104,85,18,24,2,1,5,7,8,1,16,22,.282,.408,.506,.914,151,43,2,2,1,0,0,slateau01
Dominic Smith*,NYM,NL,50,199,177,27,56,21,1,10,42,0,0,14,45,.316,.377,.616,.993,168,109,2,5,0,3,0,smithdo02
Dwight Smith Jr.*,BAL,AL,21,72,63,9,14,3,0,2,6,1,0,7,19,.222,.306,.365,.671,82,23,1,1,0,1,1,smithdw02
Kevan Smith,TBR,AL,17,38,31,3,8,3,0,1,8,0,0,5,11,.258,.378,.452,.830,134,14,1,1,0,0,0,smithke04
Mallex Smith*,SEA,AL,14,47,45,2,6,2,0,0,3,2,0,2,13,.133,.170,.178,.348,-2,8,1,0,0,0,0,smithma05
Pavin Smith*,ARI,NL,12,44,37,7,10,0,1,1,4,1,0,5,8,.270,.341,.405,.746,102,15,0,0,0,2,0,smithpa04
Will Smith,LAD,NL,37,137,114,23,33,9,0,8,25,0,0,20,22,.289,.401,.579,.980,162,66,2,2,0,1,1,smithwi05
Justin Smoak#,TOT,NL,36,132,119,14,21,7,0,5,15,0,0,10,42,.176,.250,.361,.611,62,43,4,2,0,1,0,smoakju01
Justin Smoak#,MIL,NL,33,126,113,14,21,7,0,5,15,0,0,10,40,.186,.262,.381,.642,69,43,3,2,0,1,0,smoakju01
Justin Smoak#,SFG,NL,3,6,6,0,0,0,0,0,0,0,0,0,2,.000,.000,.000,.000,-100,0,1,0,0,0,0,smoakju01
Eric Sogard*,MIL,NL,43,128,115,10,24,5,0,1,10,0,0,11,20,.209,.281,.278,.560,51,32,1,1,0,1,0,sogarer01
Nick Solak,TEX,AL,58,233,209,27,56,10,0,2,23,7,1,18,42,.268,.326,.344,.671,86,72,6,2,0,4,0,solakni01
Donovan Solano,SFG,NL,54,203,190,22,62,15,1,3,29,0,0,10,39,.326,.365,.463,.828,127,88,2,2,0,1,0,solando01
Jorge Soler,KCR,AL,43,174,149,17,34,8,0,8,24,0,0,19,60,.228,.326,.443,.769,106,66,3,3,0,1,0,solerjo01
Elliot Soto,LAA,AL,3,7,6,2,2,1,0,0,0,0,0,1,1,.333,.429,.500,.929,154,3,0,0,0,0,0,sotoel01
Juan Soto*,WSN,NL,47,196,154,39,54,14,0,13,37,6,2,41,28,.351,.490,.695,1.185,217,107,1,1,0,0,12,sotoju01
Steven Souza Jr.,CHC,NL,11,31,27,3,4,2,0,1,5,1,0,4,15,.148,.258,.333,.591,58,9,0,0,0,0,0,souzast01
George Springer,HOU,AL,51,222,189,37,50,6,2,14,32,1,2,24,38,.265,.359,.540,.899,141,102,3,5,0,2,0,springe01
Jacob Stallings,PIT,NL,42,143,125,13,31,7,0,3,18,0,0,15,40,.248,.326,.376,.702,91,47,2,0,2,1,0,stallja01
Giancarlo Stanton,NYY,AL,23,94,76,12,19,7,0,4,11,1,1,15,27,.250,.387,.500,.887,145,38,4,2,0,0,1,stantmi03
Bubba Starling,KCR,AL,35,64,59,5,10,1,0,1,5,0,0,4,27,.169,.219,.237,.456,24,14,0,0,0,1,0,starlbu01
Max Stassi,LAA,AL,31,105,90,12,25,2,0,7,20,0,0,11,21,.278,.352,.533,.886,138,48,5,1,0,3,0,stassma01
Tyler Stephenson,CIN,NL,8,20,17,4,5,0,0,2,6,0,0,2,9,.294,.400,.647,1.047,167,11,0,1,0,0,0,stephty01
Andrew Stevenson*,WSN,NL,15,47,41,11,15,7,1,2,12,2,0,5,11,.366,.447,.732,1.179,212,30,0,1,0,0,0,stevean01
Christin Stewart*,DET,AL,36,99,90,6,15,3,0,3,9,0,0,5,30,.167,.224,.300,.524,43,27,2,2,0,1,0,stewach02
DJ Stewart*,BAL,AL,31,112,88,13,17,2,0,7,15,0,0,20,38,.193,.355,.455,.809,118,40,0,2,2,0,0,stewadj01
Trevor Story,COL,NL,59,259,235,41,68,13,4,11,28,15,3,24,63,.289,.355,.519,.874,120,122,5,0,0,0,1,storytr01
Matt Strahm,SDP,NL,1,0,0,0,0,0,0,0,0,0,0,0,0,,,,,,0,0,0,0,0,0,strahma01
Dee Strange-Gordon*,SEA,AL,33,82,75,12,15,1,0,0,3,3,2,5,13,.200,.268,.213,.482,39,16,1,2,0,0,0,gordode01
Myles Straw,HOU,AL,33,86,82,8,17,4,0,0,8,6,2,4,22,.207,.244,.256,.500,37,21,0,0,0,0,0,strawmy01
Garrett Stubbs*,HOU,AL,14,10,8,1,1,0,0,0,1,0,1,0,0,.125,.111,.125,.236,-35,1,0,0,1,1,0,stubbga01
Eugenio Suárez,CIN,NL,57,231,198,29,40,8,0,15,38,2,0,30,67,.202,.312,.470,.781,100,93,5,2,0,1,1,suareeu01
Andrew Susac,PIT,NL,1,4,2,0,0,0,0,0,0,0,0,2,0,.000,.500,.000,.500,55,0,0,0,0,0,0,susacan01
Kurt Suzuki,WSN,NL,33,129,111,15,30,8,0,2,17,1,0,11,19,.270,.349,.396,.745,102,44,4,4,0,3,0,suzukku01
Dansby Swanson,ATL,NL,60,264,237,49,65,15,0,10,35,5,0,22,71,.274,.345,.464,.809,111,110,0,4,0,1,0,swansda01
Raimel Tapia*,COL,NL,51,206,184,26,59,8,2,1,17,8,2,14,38,.321,.369,.402,.772,98,74,3,2,1,3,0,tapiara01
Fernando Tatis Jr.,SDP,NL,59,257,224,50,62,11,2,17,45,11,3,27,61,.277,.366,.571,.937,156,128,6,5,0,1,1,tatisfe02
Mike Tauchman*,NYY,AL,43,111,95,18,23,6,0,0,14,6,0,14,26,.242,.342,.305,.648,84,29,3,1,0,1,3,tauchmi01
Leody Taveras#,TEX,AL,33,134,119,20,27,6,1,4,6,8,0,14,43,.227,.308,.395,.703,93,47,0,0,1,0,0,taverle01
Beau Taylor*,CLE,AL,7,24,21,1,1,0,0,0,2,0,0,2,9,.048,.130,.048,.178,-48,1,0,0,1,0,0,taylobe11
Chris Taylor,LAD,NL,56,214,185,30,50,10,2,8,32,3,2,26,55,.270,.366,.476,.842,127,88,3,2,1,0,0,tayloch03
Michael A. Taylor,WSN,NL,38,99,92,11,18,6,0,5,16,0,0,6,27,.196,.253,.424,.676,79,39,2,1,0,0,0,taylomi02
Tyrone Taylor,MIL,NL,22,41,38,6,9,4,0,2,6,0,0,2,8,.237,.293,.500,.793,107,19,1,1,0,0,0,tayloty01
Anderson Tejeda#,TEX,AL,23,77,75,7,19,4,1,3,8,4,1,2,30,.253,.273,.453,.726,96,34,2,0,0,0,0,tejedan01
Rowdy Tellez*,TOR,AL,35,127,113,20,32,5,0,8,23,0,1,11,20,.283,.346,.540,.886,139,61,1,1,0,2,1,tellero01
Matt Thaiss*,LAA,AL,8,25,21,3,3,0,0,1,1,0,0,4,8,.143,.280,.286,.566,56,6,1,0,0,0,0,thaisma01
Eric Thames*,WSN,NL,41,140,123,10,25,5,0,3,12,1,0,14,42,.203,.300,.317,.617,68,39,2,3,0,0,1,thameer01
Lane Thomas,STL,NL,18,40,36,5,4,2,0,1,2,0,0,4,13,.111,.200,.250,.450,24,9,1,0,0,0,0,thomala02
Abraham Toro#,HOU,AL,33,97,87,13,13,2,0,3,9,1,1,3,23,.149,.237,.276,.513,40,24,1,7,0,0,0,toroab01
Luis Torrens,TOT,MLB,25,78,70,5,18,5,0,1,6,0,0,7,15,.257,.325,.371,.696,96,26,1,0,1,0,0,torrelu01
Luis Torrens,SDP,NL,7,13,11,0,3,1,0,0,0,0,0,1,2,.273,.333,.364,.697,95,4,0,0,1,0,0,torrelu01
Luis Torrens,SEA,AL,18,65,59,5,15,4,0,1,6,0,0,6,13,.254,.323,.373,.696,96,22,1,0,0,0,0,torrelu01
Gleyber Torres,NYY,AL,42,160,136,17,33,8,0,3,16,1,0,22,28,.243,.356,.368,.724,103,50,5,2,0,0,0,torregl01
Ronald Torreyes,PHI,NL,4,7,7,1,1,1,0,0,0,0,0,0,0,.143,.143,.286,.429,12,2,1,0,0,0,0,torrero01
Jose Trevino,TEX,AL,24,83,76,10,19,8,0,2,9,0,0,3,15,.250,.280,.434,.715,94,33,1,1,1,2,0,trevijo01
Chadwick Tromp,SFG,NL,24,64,61,11,13,1,0,4,10,0,0,1,20,.213,.219,.426,.645,72,26,3,0,0,2,0,trompch01
Mike Trout,LAA,AL,53,241,199,41,56,9,2,17,46,1,1,35,56,.281,.390,.603,.993,167,120,1,3,0,4,4,troutmi01
Yoshi Tsutsugo*,TBR,AL,51,185,157,27,31,5,1,8,24,0,0,26,50,.197,.314,.395,.708,99,62,5,1,0,1,1,tsutsyo01
Cole Tucker#,PIT,NL,37,116,109,17,24,3,0,1,8,1,0,5,31,.220,.252,.275,.527,44,30,3,0,1,1,0,tuckeco01
Kyle Tucker*,HOU,AL,58,228,209,33,56,12,6,9,42,8,1,18,46,.268,.325,.512,.837,124,107,2,0,0,1,2,tuckeky01
Justin Turner,LAD,NL,42,175,150,26,46,9,1,4,23,1,0,18,26,.307,.400,.460,.860,133,69,2,6,0,1,0,turneju01
Trea Turner,WSN,NL,59,259,233,46,78,15,4,12,41,12,4,22,36,.335,.394,.588,.982,162,137,5,2,0,2,0,turnetr01
Justin Upton,LAA,AL,42,166,147,20,30,5,0,9,22,0,2,11,43,.204,.289,.422,.711,92,62,6,7,0,1,0,uptonju01
Luis Urías,MIL,NL,41,120,109,11,26,4,1,0,11,2,2,10,32,.239,.308,.294,.602,63,32,4,1,0,0,0,uriaslu01
Ramón Urías,BAL,AL,10,27,25,3,9,2,0,1,3,0,0,2,6,.360,.407,.560,.967,160,14,1,0,0,0,0,uriasra01
Gio Urshela,NYY,AL,43,174,151,24,45,11,0,6,30,1,0,18,25,.298,.368,.490,.858,137,74,6,1,0,4,0,urshegi01
Pat Valaika,BAL,AL,52,150,141,24,39,4,0,8,16,0,2,8,34,.277,.315,.475,.791,111,67,3,0,1,0,0,valaipa01
César Valdez,BAL,AL,1,0,0,0,0,0,0,0,0,0,0,0,0,,,,,,0,0,0,0,0,0,valdece01
Josh VanMeter*,TOT,NL,26,79,70,9,9,3,0,2,6,1,0,7,24,.129,.228,.257,.485,29,18,0,2,0,0,0,vanmejo01
Josh VanMeter*,CIN,NL,14,38,34,3,2,1,0,1,1,1,0,3,16,.059,.158,.176,.334,-13,6,0,1,0,0,0,vanmejo01
Josh VanMeter*,ARI,NL,12,41,36,6,7,2,0,1,5,0,0,4,8,.194,.293,.333,.626,70,12,0,1,0,0,0,vanmejo01
Ildemaro Vargas#,TOT,MLB,24,54,51,6,10,1,1,1,3,0,0,2,10,.196,.222,.314,.536,45,16,2,0,0,1,0,vargail01
Ildemaro Vargas#,TOT,NL,14,30,29,3,5,0,0,1,1,0,0,1,8,.172,.200,.276,.476,27,8,1,0,0,0,0,vargail01
Ildemaro Vargas#,ARI,NL,8,21,20,2,3,0,0,0,0,0,0,1,5,.150,.190,.150,.340,-5,3,1,0,0,0,0,vargail01
Ildemaro Vargas#,MIN,AL,10,24,22,3,5,1,1,0,2,0,0,1,2,.227,.250,.364,.614,68,8,1,0,0,1,0,vargail01
Ildemaro Vargas#,CHC,NL,6,9,9,1,2,0,0,1,1,0,0,0,3,.222,.222,.556,.778,100,5,0,0,0,0,0,vargail01
Daulton Varsho*,ARI,NL,37,115,101,16,19,5,2,3,9,3,1,12,33,.188,.287,.366,.653,76,37,1,2,0,0,0,varshda01
Christian Vázquez,BOS,AL,47,189,173,22,49,9,0,7,23,4,3,16,43,.283,.344,.457,.801,111,79,6,0,0,0,0,vazquch01
Andrew Velazquez#,BAL,AL,40,77,63,11,10,1,1,0,3,4,2,10,23,.159,.274,.206,.480,34,13,2,0,4,0,0,velazan01
Alex Verdugo*,BOS,AL,53,221,201,36,62,16,0,6,15,4,0,17,45,.308,.367,.478,.844,123,96,4,2,0,1,1,verdual01
Jonathan Villar#,TOT,MLB,52,207,185,13,43,5,0,2,15,16,5,19,54,.232,.301,.292,.593,63,54,2,0,1,2,1,villajo01
Jonathan Villar#,MIA,NL,30,128,116,10,30,4,0,2,9,9,5,10,32,.259,.315,.345,.660,79,40,2,0,1,1,1,villajo01
Jonathan Villar#,TOR,AL,22,79,69,3,13,1,0,0,6,7,0,9,22,.188,.278,.203,.481,36,14,0,0,0,1,0,villajo01
Meibrys Viloria*,KCR,AL,15,24,21,1,4,1,0,0,0,0,0,2,9,.190,.292,.238,.530,47,5,0,1,0,0,0,vilorme01
Daniel Vogelbach*,TOT,MLB,39,136,115,16,24,3,0,6,16,0,0,20,33,.209,.331,.391,.722,98,45,3,1,0,0,1,vogelda01
Daniel Vogelbach*,TOT,AL,20,69,57,3,5,1,0,2,4,0,0,12,15,.088,.246,.211,.457,31,12,1,0,0,0,1,vogelda01
Daniel Vogelbach*,SEA,AL,18,64,53,3,5,1,0,2,4,0,0,11,13,.094,.250,.226,.476,36,12,1,0,0,0,1,vogelda01
Daniel Vogelbach*,TOR,AL,2,5,4,0,0,0,0,0,0,0,0,1,2,.000,.200,.000,.200,-37,0,0,0,0,0,0,vogelda01
Daniel Vogelbach*,MIL,NL,19,67,58,13,19,2,0,4,12,0,0,8,18,.328,.418,.569,.987,161,33,2,1,0,0,0,vogelda01
Stephen Vogt*,ARI,NL,26,81,72,6,12,5,0,1,7,0,0,8,18,.167,.247,.278,.525,43,20,1,0,0,1,0,vogtst01
Luke Voit,NYY,AL,56,234,213,41,59,5,0,22,52,0,0,17,54,.277,.338,.610,.948,157,130,4,3,0,1,0,voitlu01
Joey Votto*,CIN,NL,54,223,186,32,42,8,0,11,22,0,0,37,43,.226,.354,.446,.800,107,83,5,0,0,0,1,vottojo01
LaMonte Wade Jr.*,MIN,AL,16,44,39,3,9,3,0,0,1,1,1,4,9,.231,.318,.308,.626,76,12,0,1,0,0,0,wadela01
Tyler Wade*,NYY,AL,52,105,88,19,15,3,0,3,10,4,1,12,22,.170,.288,.307,.595,67,27,1,3,1,1,0,wadety01
Marcus Walden,BOS,AL,1,0,0,0,0,0,0,0,0,0,0,0,0,,,,,,0,0,0,0,0,0,waldema01
Christian Walker,ARI,NL,57,243,218,35,59,18,1,7,34,1,1,19,50,.271,.333,.459,.792,112,100,6,3,0,3,0,walkech02
Neil Walker#,PHI,NL,18,41,39,5,9,3,0,0,3,0,0,1,13,.231,.244,.308,.552,48,12,0,0,0,1,0,walkene01
Chad Wallach,MIA,NL,15,48,44,4,10,3,0,1,6,0,0,3,12,.227,.277,.364,.640,71,16,1,0,1,0,0,wallach01
Jared Walsh*,LAA,AL,32,108,99,19,29,4,2,9,26,0,0,5,15,.293,.324,.646,.971,157,64,0,1,0,3,0,walshja01
Donovan Walton*,SEA,AL,5,14,13,0,2,1,0,0,3,0,1,1,5,.154,.214,.231,.445,26,3,1,0,0,0,0,waltodo01
Taylor Ward,LAA,AL,34,102,94,16,26,6,2,0,5,2,0,8,28,.277,.333,.383,.716,96,36,1,0,0,0,0,wardta01
Joey Wendle*,TBR,AL,50,184,168,24,48,9,2,4,17,8,2,10,35,.286,.342,.435,.777,118,73,1,5,0,1,1,wendljo01
Eli White,TEX,AL,19,52,48,5,9,2,0,0,3,1,1,3,16,.188,.231,.229,.460,28,11,0,0,0,1,0,whiteel04
Evan White,SEA,AL,54,202,182,19,32,7,0,8,26,1,2,18,84,.176,.252,.346,.599,66,63,3,1,0,1,0,whiteev01
Aaron Whitefield,MIN,AL,3,1,1,1,0,0,0,0,0,0,0,0,0,.000,.000,.000,.000,-100,0,0,0,0,0,0,whiteaa01
Rowan Wick*,CHC,NL,1,0,0,0,0,0,0,0,0,0,0,0,0,,,,,,0,0,0,0,0,0,wickro01
Matt Wieters#,STL,NL,19,41,35,3,7,1,0,0,4,0,0,3,10,.200,.300,.229,.529,50,8,1,2,1,0,0,wietema01
Justin Williams*,STL,NL,3,6,5,0,1,0,0,0,0,0,0,1,2,.200,.333,.200,.533,54,1,0,0,0,0,0,williju02
Mason Williams*,BAL,AL,10,18,18,0,2,0,1,0,0,0,1,0,9,.111,.111,.222,.333,-13,4,0,0,0,0,0,willima10
Taylor Williams#,TOT,MLB,1,0,0,0,0,0,0,0,0,0,0,0,0,,,,,,0,0,0,0,0,0,willita01
Taylor Williams#,SEA,AL,1,0,0,0,0,0,0,0,0,0,0,0,0,,,,,,0,0,0,0,0,0,willita01
Jesse Winker*,CIN,NL,54,183,149,27,38,7,0,12,23,1,0,28,46,.255,.388,.544,.932,139,81,3,5,0,1,0,winkeje01
Dan Winkler,CHC,NL,3,0,0,0,0,0,0,0,0,0,0,0,0,,,,,,0,0,0,0,0,0,winklda01
Patrick Wisdom,CHC,NL,2,2,2,0,0,0,0,0,0,0,0,0,0,.000,.000,.000,.000,-100,0,0,0,0,0,0,wisdopa01
Tony Wolters*,COL,NL,42,109,100,10,23,4,0,0,8,0,0,6,30,.230,.280,.270,.550,42,27,1,1,2,0,0,wolteto01
Kolten Wong*,STL,NL,53,208,181,26,48,4,2,1,16,5,2,20,30,.265,.350,.326,.675,90,59,1,4,2,1,1,wongko01
Jake Woodford,STL,NL,1,0,0,0,0,0,0,0,0,0,0,0,0,,,,,,0,0,0,0,0,0,woodfja01
Mike Yastrzemski*,SFG,NL,54,225,192,39,57,14,4,10,35,2,1,30,55,.297,.400,.568,.968,164,109,2,3,0,0,2,yastrmi01
Christian Yelich*,MIL,NL,58,247,200,39,41,7,1,12,22,4,2,46,76,.205,.356,.430,.786,110,86,4,1,0,0,2,yelicch01
Andrew Young,ARI,NL,12,34,26,3,5,2,0,1,4,0,0,5,10,.192,.382,.385,.767,110,10,0,3,0,0,0,youngan02
Bradley Zimmer*,CLE,AL,20,50,37,3,6,0,0,1,3,2,1,7,14,.162,.360,.243,.603,71,9,2,5,0,1,0,zimmebr01
Mike Zunino,TBR,AL,28,84,75,8,11,4,0,4,10,0,0,6,37,.147,.238,.360,.598,66,27,0,3,0,0,0,zuninmi01