Player,Tm,Pos,GP,G,A,+/-,PIM,PP,SH,GW,PP,SH,S,TOI,BLK,HIT,FOW,FOL,-9999
Connor McDavid,EDM,C,28,25,29,6,16,10,1,3,17,0,110,636,12,28,177,161,mcdavco01
Jason Robertson,DAL,LW,27,23,18,17,8,6,0,4,8,0,118,487,4,14,0,0,roberja01
Tage Thompson,BUF,C,27,21,20,7,16,9,1,2,7,0,124,504,7,12,140,193,thompta01
Bo Horvat,VAN,C,27,20,9,1,8,8,2,3,4,0,90,565,19,17,383,278,horvabo01
Leon Draisaitl,EDM,C,28,19,27,7,16,12,0,7,9,1,89,622,19,15,285,246,draisle01
David Pastrnak,BOS,RW,26,19,18,10,16,8,0,2,9,0,134,520,5,29,5,6,pastrda01
Kirill Kaprizov,MIN,LW,26,17,17,-9,15,9,0,2,8,0,113,549,8,23,0,2,kapriki01
Alex Ovechkin,WSH,LW,29,16,13,-10,16,6,0,3,7,0,126,601,10,84,1,3,ovechal01
Mikko Rantanen,COL,RW,25,16,17,3,18,3,0,2,12,0,72,554,13,25,63,88,rantami01
Cole Caufield,MTL,RW,26,15,9,-2,0,3,0,1,2,0,92,470,5,10,0,0,caufico01
Sidney Crosby,PIT,C,27,15,20,4,16,2,0,4,4,0,79,540,12,33,297,270,crosbsi01
William Nylander,TOR,C,28,15,13,9,8,5,0,1,5,0,89,509,7,8,13,17,nylanwi01
Mark Scheifele,WPG,C,26,15,8,1,12,4,0,2,2,0,70,546,9,17,188,226,scheima01
Andrei Svechnikov,CAR,RW,26,15,10,-4,16,3,0,1,6,0,79,479,5,49,0,0,svechan01
Carter Verhaeghe,FLA,C,27,15,9,2,20,4,0,1,2,0,88,474,8,9,1,5,verhaca01
Mika Zibanejad,NYR,C,29,15,17,8,8,10,1,3,5,0,120,608,9,22,214,257,zibanmi01
Logan Couture,SJS,C,30,14,12,-9,9,3,1,0,5,0,72,554,24,50,236,283,coutulo01
Jack Hughes,NJD,C,27,14,19,11,2,2,0,3,7,0,106,519,7,4,41,84,hugheja03
Auston Matthews,TOR,C,28,14,17,13,10,6,0,2,5,0,121,565,32,45,200,191,matthau01
Timo Meier,SJS,RW,30,14,13,-7,10,6,0,2,2,0,137,599,8,64,12,20,meierti01
Brock Nelson,NYI,C,28,14,14,5,12,3,0,5,6,0,90,524,18,23,200,203,nelsobr01
Ryan Nugent-Hopkins,EDM,C,28,14,19,0,18,3,0,2,14,1,70,550,13,20,104,133,nugenry01
Steven Stamkos,TBL,C,26,14,18,5,14,7,0,2,7,0,86,514,19,27,169,152,stamkst01
Nick Suzuki,MTL,C,26,14,15,1,6,5,1,0,3,0,52,543,12,14,179,191,suzukni01
Pierre-Luc Dubois,WPG,LW,26,13,15,-2,24,5,0,1,6,0,70,467,11,29,175,161,duboipi01
Jack Eichel,VEG,C,27,13,16,17,0,1,0,2,7,0,100,508,23,20,130,175,eicheja01
Jake Guentzel,PIT,C,23,13,14,2,18,4,0,3,2,0,73,450,2,30,4,4,guentja01
Chris Kreider,NYR,LW,29,13,10,6,10,4,1,2,5,0,91,565,9,59,17,17,kreidch01
Andrei Kuzmenko,VAN,F,26,13,12,3,0,7,0,2,2,0,52,406,9,4,0,0,kuzmean01
Elias Pettersson,VAN,C,27,13,21,6,4,0,0,2,10,1,87,537,30,21,134,175,petteel01
Brayden Point,TBL,C,26,13,14,-2,2,5,0,3,5,0,78,538,10,13,149,169,pointbr01
Jeff Skinner,BUF,LW,27,13,19,9,15,4,0,0,6,0,84,459,5,14,51,55,skinnje01
John Tavares,TOR,C,28,13,14,2,14,7,0,2,7,0,94,485,13,38,281,187,tavarjo01
Matthew Tkachuk,FLA,LW,25,13,24,9,41,2,0,0,10,0,102,522,8,17,7,9,tkachma01
Alex Tuch,BUF,RW,27,13,15,7,6,3,0,4,4,0,72,502,14,17,11,11,tuchal01
Gabriel Vilardi,LAK,C,28,13,6,-1,4,4,0,3,1,0,59,453,14,19,17,29,vilarga01
Lawson Crouse,ARI,LW,24,12,3,1,14,2,0,1,0,0,45,419,15,56,6,7,crousla01
Nico Hischier,NJD,C,26,12,16,14,2,4,0,3,3,1,83,515,14,9,310,243,hischni01
Erik Karlsson,SJS,D,30,12,25,-5,8,2,0,3,7,0,89,753,32,12,0,0,karlser01
Jonathan Marchessault,VEG,C,29,12,10,2,9,5,0,2,3,0,99,480,5,37,7,16,audymjo01
Jared McCann,SEA,C,23,12,5,4,0,2,0,0,3,0,51,357,4,19,18,27,mccanja01
Martin Necas,CAR,C,26,12,16,3,12,4,0,0,4,0,87,512,7,20,68,87,necasma01
Victor Olofsson,BUF,RW,27,12,3,-9,2,3,0,2,2,0,62,386,5,6,1,3,olofsvi01
Nick Paul,TBL,LW,26,12,7,14,8,3,0,2,0,0,52,457,21,50,167,157,paulni01
Reilly Smith,VEG,RW,29,12,6,5,8,4,3,2,1,0,68,486,11,21,2,1,smithre01
Brady Tkachuk,OTT,LW,26,12,18,-8,43,4,0,3,6,0,118,477,2,66,123,112,tkachbr01
Sebastian Aho,CAR,F,26,11,16,2,18,2,0,3,4,1,77,520,7,29,205,173,ahose01
Kyle Connor,WPG,LW,26,11,17,-1,2,2,0,4,9,0,90,527,9,17,0,0,connoky01
Claude Giroux,OTT,C,26,11,12,1,6,1,0,1,6,0,65,470,11,23,188,112,giroucl01
Taylor Hall,BOS,LW,26,11,9,6,14,3,0,4,1,0,72,421,13,14,2,3,hallta02
Roope Hintz,DAL,LW,26,11,21,16,8,1,1,2,8,0,57,449,16,20,89,79,hintzro01
Nikita Kucherov,TBL,RW,26,11,27,-3,20,5,0,3,14,0,94,564,11,25,0,0,kucheni01
Mitch Marner,TOR,RW,28,11,22,6,12,1,1,1,10,1,71,602,21,25,0,1,marnemi01
J.T. Miller,VAN,C,27,11,15,-9,26,6,0,1,8,0,58,566,16,59,55,62,millejt01
Rickard Rakell,PIT,RW,27,11,7,13,2,2,0,0,2,0,85,483,15,49,6,4,rakelri01
Troy Terry,ANA,C,28,11,16,-5,8,3,0,2,3,0,89,565,10,7,1,0,terrytr01
Matthew Beniers,SEA,C,26,10,11,1,2,3,0,2,2,0,51,450,19,33,143,183,beniema01
Jamie Benn,DAL,LW,27,10,16,9,16,4,0,1,7,0,65,407,10,31,173,117,bennja01
Jesper Bratt,NJD,W,27,10,20,15,4,4,0,2,8,0,62,464,10,10,0,0,brattje01
Dylan Cozens,BUF,C,27,10,17,2,16,2,1,0,6,1,72,460,12,21,189,200,cozendy01
Joel Eriksson Ek,MIN,C,26,10,13,0,18,4,1,0,4,0,85,511,15,42,241,247,eriksjo02
Nazem Kadri,CGY,C,27,10,10,-8,14,6,0,2,5,0,83,465,14,27,186,210,kadrina01
Travis Konecny,PHI,C,22,10,13,-12,39,3,0,2,6,1,68,436,21,26,11,10,konectr01
Dominik Kubalík,DET,LW,26,10,15,-2,4,5,0,1,7,0,75,426,11,24,13,9,kubaldo01
Jordan Kyrou,STL,C,26,10,12,-21,6,4,0,2,4,0,84,472,15,5,2,5,kyroujo01
Joe Pavelski,DAL,C,27,10,19,19,4,5,0,0,4,0,72,455,21,31,131,115,paveljo01
Tim Stützle,OTT,LW,26,10,17,-8,20,4,0,1,9,0,64,532,17,47,80,106,stuetti02
Tyler Toffoli,CGY,C,27,10,10,2,6,4,0,2,4,0,86,454,5,30,1,1,toffoty01
Trevor Zegras,ANA,C,28,10,13,-9,22,2,0,1,5,0,69,557,9,21,86,130,zegratr01
Patrice Bergeron,BOS,C,26,9,12,14,4,4,0,2,4,0,85,473,17,22,362,240,bergepa01
Matt Boldy,MIN,LW,26,9,9,1,8,3,0,1,7,0,74,487,7,23,24,12,boldyma01
Pavel Buchnevich,STL,LW,20,9,11,0,8,4,0,1,4,0,46,377,5,23,3,16,buchnpa01
Andre Burakovsky,SEA,LW,26,9,17,-7,10,4,0,2,6,0,69,457,5,9,0,4,burakan01
William Carrier,VEG,LW,28,9,3,5,10,0,0,3,0,0,63,336,13,73,1,4,carriwi01
Rasmus Dahlin,BUF,D,26,9,23,12,36,4,0,1,13,0,84,669,43,40,0,0,dahlira01
Max Domi,CHI,LW,26,9,10,-7,33,6,0,2,4,0,53,483,9,9,208,153,domima01
Kevin Fiala,LAK,LW,29,9,21,0,16,3,0,1,6,0,77,501,11,20,5,5,fialake01
Johnny Gaudreau,CBJ,LW,26,9,19,-3,8,0,0,1,5,0,77,519,6,2,0,0,gaudrjo01
Kevin Hayes,PHI,RW,28,9,19,-12,13,2,0,1,8,0,82,535,12,20,170,189,hayeske01
Tomas Hertl,SJS,C,30,9,20,-1,8,2,0,1,5,0,70,590,23,34,286,272,hertlto01
Zach Hyman,EDM,C,27,9,19,5,10,4,0,1,4,0,101,550,9,34,3,2,hymanza01
Boone Jenner,CBJ,C,26,9,11,-3,12,3,0,1,1,0,85,528,31,43,313,243,jennebo01
Arthur Kaliyev,LAK,RW,28,9,8,-4,4,7,0,0,2,0,67,329,7,26,0,0,kaliyar01
Dylan Larkin,DET,C,26,9,17,5,8,4,1,1,5,0,87,535,15,16,256,229,larkidy01
Anders Lee,NYI,LW,28,9,12,0,30,3,0,1,5,0,81,476,17,51,11,13,leean01
Elias Lindholm,CGY,C,27,9,13,-2,4,4,0,0,4,1,67,521,16,33,307,249,lindhel01
Ilya Mikheyev,VAN,F,24,9,7,5,2,1,0,0,1,0,49,411,9,8,1,6,mikheil01
Nino Niederreiter,NSH,RW,24,9,3,-7,6,2,0,1,1,0,49,376,9,58,3,3,niedeni01
Ryan O'Reilly,STL,C,27,9,5,-19,6,1,1,2,0,0,58,493,14,13,248,218,oreilry01
Zach Parise,NYI,LW,28,9,5,5,2,3,1,1,1,1,71,460,26,26,6,8,parisza01
Shane Pinto,OTT,C,26,9,2,-5,2,3,0,2,1,0,51,402,10,25,146,118,pintosh01
Conor Sheary,WSH,LW,29,9,6,-3,14,2,1,1,2,0,62,475,13,21,9,12,shearco01
Mark Stone,VEG,RW,29,9,12,11,8,1,0,1,3,0,73,562,18,24,0,1,stonema01
Vincent Trocheck,NYR,C,29,9,9,-9,18,5,0,0,5,0,98,590,11,75,257,198,trochvi01
Blake Wheeler,WPG,RW,26,9,16,3,14,5,0,4,2,0,58,461,13,16,9,12,wheelbl01
Mats Zuccarello,MIN,LW,26,9,17,-11,12,5,0,1,8,0,72,535,16,15,6,9,zuccama01
Noel Acciari,STL,C,27,8,4,2,6,0,0,0,0,1,42,374,29,80,116,100,acciano01
John Carlson,WSH,D,23,8,9,-8,2,2,1,0,3,0,80,542,55,27,0,0,carlsjo01
Jake DeBrusk,BOS,LW,25,8,11,9,6,3,0,1,5,0,78,431,8,33,2,5,debruja01
Noah Dobson,NYI,D,28,8,10,-5,2,3,0,2,6,0,86,573,42,21,0,0,dobsono01
Filip Forsberg,NSH,C,24,8,15,-7,4,2,0,1,8,0,77,435,11,40,0,0,forsbfi01
Brandon Hagel,TBL,LW,26,8,10,3,16,2,1,1,3,0,50,490,18,21,13,30,hagelbr01
Adam Henrique,ANA,C,27,8,6,-1,10,2,0,0,3,0,55,487,18,18,171,142,henriad01
Adrian Kempe,LAK,LW,29,8,8,0,22,1,0,1,2,0,78,543,10,43,6,14,kempead01
Alex Killorn,TBL,C,26,8,13,8,6,0,0,2,2,0,40,463,8,16,0,0,killoal01
David Krejci,BOS,C,23,8,13,0,8,2,0,0,7,0,36,391,13,13,115,113,krejcda01
Nathan MacKinnon,COL,C,23,8,26,7,20,4,0,0,10,0,120,504,14,20,196,223,mackina01
Evgeni Malkin,PIT,C,27,8,19,2,20,2,0,0,9,0,88,490,8,13,152,134,malkiev01
Brad Marchand,BOS,LW,18,8,13,6,10,5,0,2,9,0,52,339,5,33,7,8,marchbr03
Mason Marchment,DAL,F,27,8,7,0,42,2,0,1,1,0,63,425,12,32,6,8,marchma01
Brock McGinn,PIT,LW,27,8,4,6,6,0,1,3,0,0,40,358,13,35,2,3,mcginbr01
David Perron,DET,LW,26,8,12,2,14,2,0,2,6,0,72,438,13,29,0,1,perroda01
Taylor Raddysh,CHI,RW,26,8,3,-8,6,4,0,0,1,0,37,413,13,34,5,4,raddyta01
Jaden Schwartz,SEA,C,25,8,7,-9,8,5,0,1,0,0,54,452,5,20,30,34,schwaja01
Yegor Sharangovich,NJD,C,27,8,6,-1,6,0,2,1,0,1,49,401,19,8,4,8,sharaye01
Jonathan Toews,CHI,C,25,8,6,-10,33,4,0,1,2,0,43,442,15,2,308,169,toewsjo01
Josh Anderson,MTL,RW,24,7,2,-1,23,1,0,3,0,0,55,363,7,50,12,9,anderjo05
Viktor Arvidsson,LAK,LW,27,7,14,-5,8,4,0,2,6,0,63,446,14,6,11,14,arvidvi01
Sam Bennett,FLA,C,27,7,15,0,32,1,0,1,3,0,85,484,20,67,172,212,bennesa01
Charlie Coyle,BOS,C,26,7,6,11,10,0,1,0,0,1,46,436,19,21,156,132,coylech01
Phillip Danault,LAK,C,29,7,12,-1,18,1,0,1,6,1,50,528,27,31,251,230,danauph01
Adam Fox,NYR,D,29,7,23,6,8,1,0,3,9,1,61,731,42,14,0,0,foxad01
Dougie Hamilton,NJD,D,27,7,14,17,16,2,0,3,8,0,97,587,26,24,0,0,hamildo01
Ryan Johansen,NSH,C,24,7,7,-4,16,2,0,1,4,0,35,390,13,24,241,149,johanry01
Wyatt Johnston,DAL,C,27,7,5,-2,10,1,0,0,1,0,52,383,12,4,23,42,johnswy01
Clayton Keller,ARI,C,25,7,16,-7,10,3,0,0,4,0,47,492,10,7,6,19,kellecl01
Anze Kopitar,LAK,C,29,7,17,1,2,1,0,1,5,0,55,580,36,30,322,220,kopitan01
Sean Kuraly,CBJ,C,24,7,3,-6,24,0,1,0,0,0,39,333,24,62,198,192,kuralse01
Patrik Laine,CBJ,RW,13,7,3,-2,8,0,0,0,1,0,52,259,7,9,9,7,lainepa01
Artturi Lehkonen,COL,LW,22,7,11,2,12,4,0,2,8,0,55,462,19,25,0,11,lehkoar01
Eetu Luostarinen,FLA,C,27,7,8,9,8,0,0,1,1,0,44,403,17,13,22,46,luostee01
Anthony Mantha,WSH,RW,29,7,8,-5,10,1,0,1,1,0,52,424,10,29,3,3,manthan01
Jordan Martinook,CAR,LW,26,7,6,6,18,0,0,1,0,0,53,384,10,34,11,12,martijo01
Dawson Mercer,NJD,C,27,7,9,4,10,1,1,2,3,0,53,409,20,11,30,41,merceda01
Trevor Moore,LAK,LW,29,7,11,-1,2,1,1,1,5,0,91,515,8,33,6,16,mooretr01
Valeri Nichushkin,COL,RW,8,7,5,2,0,5,1,1,1,1,29,165,5,12,0,1,nichuva01
Jean-Gabriel Pageau,NYI,C,28,7,9,-5,2,4,1,2,2,0,49,508,21,77,309,240,pageaje01
Lucas Raymond,DET,LW,26,7,9,-2,12,4,0,3,4,0,50,463,4,9,2,3,raymolu01
Sam Reinhart,FLA,C,27,7,9,-6,4,5,0,0,2,1,79,530,15,14,46,61,reinhsa01
Bryan Rust,PIT,RW,27,7,9,-9,11,1,0,0,3,0,74,472,8,34,2,2,rustbr01
Ryan Strome,ANA,C,28,7,7,-12,21,1,0,2,0,0,42,481,10,12,183,252,stromry01
Nico Sturm,SJS,C,22,7,2,-2,6,0,0,0,0,0,36,321,15,32,121,82,sturmni01
Vladimir Tarasenko,STL,RW,25,7,13,-11,8,0,0,0,5,0,64,444,10,24,0,2,tarasvl01
Tomas Tatar,NJD,LW,27,7,9,19,14,0,0,0,0,0,54,404,16,23,7,12,tatarto01
Owen Tippett,PHI,RW,23,7,4,-14,8,4,0,1,0,0,51,373,19,46,8,2,tippeow01
Oliver Wahlstrom,NYI,RW,27,7,7,5,30,1,0,1,0,0,62,336,13,32,6,13,wahlsol01
Andreas Athanasiou,CHI,C,26,6,3,-6,20,1,0,0,1,0,49,419,22,10,6,17,athanan01
Drake Batherson,OTT,C,26,6,15,-18,10,4,0,0,6,0,76,474,8,38,8,15,bathedr01
Thomas Chabot,OTT,D,21,6,9,-2,20,4,0,0,3,0,51,549,30,27,0,0,chaboth01
Ross Colton,TBL,C,25,6,5,-6,14,2,0,1,2,0,38,289,9,54,51,45,coltoro01
Alex DeBrincat,OTT,RW,26,6,15,-6,8,3,0,1,9,0,90,505,16,34,2,1,debrial01
Matt Duchene,NSH,C,24,6,15,-4,22,2,0,1,3,0,58,441,15,5,37,31,duchema01
Jordan Eberle,SEA,RW,26,6,16,3,10,1,0,1,5,0,52,422,5,14,6,5,eberljo01
Trent Frederic,BOS,C,23,6,5,13,18,0,0,3,0,0,30,241,6,30,2,5,fredetr01
Barclay Goodrow,NYR,RW,29,6,7,-5,32,0,0,1,1,1,39,430,19,45,106,116,goodrba01
Shayne Gostisbehere,ARI,D,25,6,14,-7,8,2,1,1,4,0,52,540,34,13,0,0,gostish01
Carl Grundstrom,LAK,RW,28,6,3,-6,2,1,0,1,0,0,46,339,6,80,1,3,grundca01
Filip Hronek,DET,D,26,6,18,11,24,2,0,1,8,0,56,580,21,39,0,0,hronefi01
Marcus Johansson,WSH,C,29,6,7,-4,4,3,0,2,5,0,47,467,9,12,10,10,johanma03
Kent Johnson,CBJ,C,23,6,7,-4,2,2,0,0,2,0,29,298,10,6,1,3,johnske01
Dakota Joshua,VAN,C,24,6,2,-1,37,1,0,0,0,0,24,245,4,55,7,7,joshuda01
Roman Josi,NSH,D,24,6,14,-4,10,4,0,2,6,0,105,602,61,19,0,0,josiro01
William Karlsson,VEG,C,29,6,12,2,2,1,0,1,3,2,61,510,20,19,249,182,karlswi01
Kevin Labanc,SJS,RW,29,6,11,-4,16,1,0,0,1,0,55,450,12,18,0,0,labanke01
Adam Lowry,WPG,LW,26,6,10,6,6,0,2,0,1,0,45,396,13,51,206,202,lowryad01
Cale Makar,COL,D,25,6,18,2,14,4,0,2,11,0,75,675,38,32,0,0,makarca01
Andrew Mangiapane,CGY,LW,27,6,5,-6,10,0,0,1,0,2,51,444,11,36,1,2,mangian01
Sean Monahan,MTL,C,25,6,11,-5,16,1,0,0,3,0,55,434,8,10,177,144,monahse01
Alex Newhook,COL,C,25,6,4,-3,8,1,0,0,0,0,35,372,6,19,46,100,newhoal01
Matthew Nieto,SJS,LW,28,6,5,-8,6,0,0,1,1,0,47,432,13,22,3,2,nietoma01
Gustav Nyquist,CBJ,RW,26,6,7,-1,14,0,0,0,0,0,48,453,15,16,9,13,nyquigu01
Kyle Palmieri,NYI,RW,20,6,3,-2,6,1,0,1,1,0,37,327,6,31,5,10,palmiky01
Artemi Panarin,NYR,LW,29,6,28,-6,12,1,0,1,15,0,71,593,4,6,0,2,panarar01
Cole Perfetti,WPG,C,26,6,12,6,14,0,0,0,3,0,50,391,13,18,2,4,perfeco01
John-Jason Peterka,BUF,RW,27,6,8,2,14,0,0,1,2,0,42,388,3,5,0,1,peterjo01
Jack Quinn,BUF,RW,22,6,10,4,0,1,0,1,5,0,36,305,2,14,6,10,quinnja01
Nick Ritchie,ARI,LW,22,6,4,-7,20,4,0,2,2,0,27,302,6,51,1,4,ritchni01
Evan Rodrigues,COL,C,18,6,3,-3,8,4,0,0,0,0,48,326,5,12,50,53,rodriev01
Adam Ruzicka,CGY,C,17,6,9,4,2,2,0,2,1,0,26,235,3,18,13,18,ruzicad01
Brayden Schenn,STL,C,27,6,14,-13,19,1,0,0,3,0,42,476,6,46,78,102,schenbr01
Jordan Staal,CAR,C,26,6,3,3,8,0,0,1,0,0,40,423,9,57,249,219,staaljo01
Chandler Stephenson,VEG,C,29,6,16,10,14,2,1,3,3,1,50,569,21,39,237,136,stephch02
Dylan Strome,WSH,C,29,6,16,-9,10,2,0,1,9,0,58,495,13,7,192,203,stromdy01
Robert Thomas,STL,C,26,6,18,-6,2,1,0,0,7,0,36,506,11,6,238,209,thomaro01
Miles Wood,NJD,LW,26,6,7,10,35,0,0,0,0,0,71,344,4,43,1,4,woodmi01
Jason Zucker,PIT,LW,25,6,12,6,10,0,0,1,4,0,62,387,8,68,2,6,zuckeja01
Mikael Backlund,CGY,C,27,5,10,6,14,0,1,1,0,1,73,471,8,31,232,208,backlmi01
Aleksander Barkov,FLA,C,20,5,14,4,0,4,0,1,5,0,76,448,15,11,273,211,barkoal01
Anthony Beauvillier,NYI,LW,27,5,6,-1,4,0,0,1,0,0,58,403,9,23,0,0,beauvan01
Nick Bjugstad,ARI,C,25,5,5,7,4,0,1,0,0,0,39,403,13,49,173,223,bjugsni01
Filip Chytil,NYR,C,21,5,7,8,20,0,0,1,0,0,35,305,13,19,70,116,chytifi01
Blake Coleman,CGY,C,27,5,7,2,18,0,0,0,0,0,50,396,15,49,4,4,colembl01
Max Comtois,ANA,LW,17,5,0,-4,44,0,0,0,0,0,27,233,7,30,5,9,comtoma01
Dillon Dube,CGY,C,27,5,6,-2,12,0,2,0,0,0,41,402,7,43,20,25,dubedi01
Christian Dvorak,MTL,C,26,5,6,0,0,0,0,1,1,0,35,426,27,2,171,152,dvorach01
Lars Eller,WSH,C,29,5,6,-3,16,0,0,0,0,0,42,437,15,39,187,172,ellerla01
Joel Farabee,PHI,LW,28,5,10,-2,8,0,0,1,0,0,54,491,21,31,8,7,farabjo01
Christian Fischer,ARI,RW,25,5,5,3,10,0,1,0,0,0,40,388,14,40,0,15,fischch01
Nick Foligno,BOS,LW,26,5,9,7,24,2,0,0,3,0,34,315,13,56,14,7,foligni01
Miro Heiskanen,DAL,D,24,5,16,8,12,1,0,0,9,1,65,606,30,18,0,0,heiskmi01
Mike Hoffman,MTL,C,16,5,3,3,8,0,0,1,1,0,34,225,8,7,6,2,hoffmmi02
Calle Jarnkrok,TOR,C,25,5,4,-2,10,0,1,0,0,0,36,326,5,18,23,26,jarnkca01
Seth Jarvis,CAR,C,26,5,8,6,0,0,0,0,1,0,54,424,14,29,3,6,jarvise01
Kaapo Kakko,NYR,RW,29,5,4,-1,6,0,0,0,0,0,51,452,15,14,1,3,kakkoka01
Evander Kane,EDM,LW,14,5,8,4,16,0,0,0,2,0,50,273,8,51,3,8,kaneev01
Kasperi Kapanen,PIT,RW,18,5,6,0,0,2,0,2,0,0,28,222,5,34,1,4,kapanka01
Phil Kessel,VEG,RW,29,5,6,-7,10,0,0,0,4,0,49,359,9,2,1,3,kesseph01
Torey Krug,STL,D,24,5,6,-22,13,4,0,1,1,0,48,463,32,20,0,0,krugto01
Luke Kunin,SJS,C,30,5,8,-9,32,2,0,0,2,0,58,478,27,62,5,7,kuninlu01
Alexis Lafreniere,NYR,LW,29,5,8,3,10,0,0,1,0,0,59,445,10,55,10,12,lafreal01
Blake Lizotte,LAK,C,29,5,5,-5,23,0,0,1,0,0,43,333,15,34,133,140,lizotbl01
Casey Mittelstadt,BUF,C,27,5,11,-11,8,3,1,0,7,0,39,413,2,12,162,178,mitteca01
Brandon Montour,FLA,D,25,5,17,1,14,3,0,2,7,0,76,614,32,30,0,0,montobr01
Josh Morrissey,WPG,D,26,5,25,11,21,1,0,3,10,0,42,604,40,27,0,0,morrijo04
Logan O'Connor,COL,RW,25,5,3,3,10,0,1,0,0,1,44,385,22,38,0,7,oconnlo01
T.J. Oshie,WSH,C,18,5,6,-5,17,4,0,1,1,0,36,307,11,49,15,33,oshietj01
Brett Ritchie,CGY,RW,22,5,2,1,14,0,0,0,0,0,28,204,3,46,2,0,ritchbr01
Nicolas Roy,VEG,C,26,5,8,0,10,2,0,1,2,1,32,401,16,35,149,148,royni01
Brandon Saad,STL,LW,20,5,2,-4,4,0,0,0,0,0,33,329,9,13,0,2,saadbr01
Tyler Seguin,DAL,C,27,5,15,5,12,1,0,2,2,0,61,455,9,23,194,156,seguity01
Daniel Sprong,SEA,RW,19,5,9,8,4,2,0,1,4,0,37,197,3,9,1,2,spronda01
Sam Steel,MIN,C,26,5,2,-2,6,0,0,1,0,0,31,335,5,16,114,120,steelsa01
Alexander Wennberg,SEA,C,26,5,7,-4,6,2,0,0,2,0,37,509,20,18,185,234,wennbal01
Colin White,FLA,C,26,5,6,3,6,0,0,0,0,0,32,313,8,14,24,36,whiteco02
Fabian Zetterlund,NJD,W,22,5,8,11,6,1,0,1,2,0,44,281,6,14,3,6,zettefa01
Rasmus Andersson,CGY,D,27,4,16,-3,12,0,0,3,9,0,56,659,45,25,0,0,anderra01
Josh Archibald,PIT,RW,26,4,2,8,18,0,0,0,0,0,34,269,10,94,1,2,archijo01
Josh Bailey,NYI,C,24,4,5,1,2,0,0,2,2,0,33,363,10,3,18,23,bailejo01
Ivan Barbashev,STL,C,27,4,8,2,13,0,0,1,2,0,43,414,11,57,34,52,barbaiv01
Tyson Barrie,EDM,D,28,4,14,5,12,2,0,0,9,0,49,547,31,19,0,0,barrity01
Jonatan Berggren,DET,RW,13,4,5,0,2,2,0,0,2,0,24,167,8,5,1,0,berggjo02
Brock Boeser,VAN,RW,21,4,12,-13,10,2,0,1,3,0,44,332,8,12,4,11,boesebr01
Derick Brassard,OTT,C,18,4,3,3,10,0,0,1,2,0,36,247,4,35,88,86,brassde01
Michael Bunting,TOR,LW,28,4,15,14,36,0,0,1,2,0,47,437,11,32,1,1,buntimi01
Brent Burns,CAR,D,26,4,15,4,14,2,0,1,7,0,91,617,24,15,0,0,burnsbr01
Jeff Carter,PIT,C,24,4,10,3,12,1,0,1,4,1,44,356,23,27,182,128,carteje01
Yegor Chinakhov,CBJ,RW,25,4,9,-7,10,1,0,0,1,0,37,335,13,25,1,2,chinaye01
Andrew Cogliano,COL,LW,25,4,3,5,4,0,0,0,0,1,36,353,19,16,11,12,coglian01
Paul Cotter,VEG,C,19,4,2,1,8,0,0,1,0,0,26,213,4,55,7,8,cottepa01
Kirby Dach,MTL,C,26,4,15,0,14,1,0,2,6,0,44,451,10,17,20,34,dachki01
Anthony DeAngelo,PHI,D,26,4,10,-13,32,2,0,0,6,0,58,632,37,15,0,0,deangan01
Ty Dellandrea,DAL,C,27,4,9,6,19,0,0,2,0,1,32,388,17,39,38,36,dellaty01
Jason Dickinson,CHI,C,22,4,6,-7,6,1,0,1,0,2,30,341,21,36,110,107,dickija01
Nic Dowd,WSH,C,29,4,4,1,16,0,0,1,0,1,21,381,19,68,190,200,dowdni01
Vince Dunn,SEA,D,26,4,12,9,16,0,0,0,7,0,40,607,28,32,0,0,dunnvi02
Sean Durzi,LAK,D,26,4,14,-6,14,1,0,1,8,0,34,521,46,38,0,0,durzise01
Aaron Ekblad,FLA,D,16,4,8,-4,14,1,0,0,6,0,47,391,21,19,0,0,ekblaaa01
Pierre Engvall,TOR,LW,27,4,3,2,11,1,0,2,0,0,44,331,4,28,18,16,engvapi01
Adam Erne,DET,LW,26,4,7,0,4,0,0,1,0,1,22,372,28,82,5,8,ernead01
Justin Faulk,STL,D,27,4,14,-8,10,1,0,2,4,0,72,629,44,53,0,0,faulkju01
Gustav Forsling,FLA,D,27,4,14,10,12,1,0,1,2,1,82,644,30,24,0,0,forslgu02
Conor Garland,VAN,RW,26,4,8,-6,21,1,0,1,3,0,48,382,5,8,2,3,garlaco01
Frederick Gaudreau,MIN,C,26,4,5,0,0,0,1,0,0,1,51,436,17,14,169,169,gaudrfr01
Julien Gauthier,NYR,RW,21,4,2,1,4,0,0,0,0,0,19,185,5,39,3,3,gauthju01
Morgan Geekie,SEA,C,20,4,6,14,11,0,0,3,0,0,18,197,13,21,91,102,geekimo01
Mikael Granlund,NSH,C,24,4,14,-11,4,1,0,0,5,0,36,469,18,26,79,107,granlmi01
Jonathan Huberdeau,CGY,LW,24,4,12,5,14,2,0,0,6,0,42,415,10,22,1,2,huberjo01
David Kampf,TOR,C,28,4,7,6,2,0,0,1,0,2,34,423,10,22,202,194,kampfda01
Patrick Kane,CHI,RW,26,4,16,-15,6,1,0,0,11,0,88,524,5,5,1,0,kanepa01
Joel Kiviranta,DAL,F,27,4,0,-4,18,0,1,0,0,0,36,335,10,49,1,4,kivirjo01
Scott Laughton,PHI,C,24,4,6,-11,12,1,1,0,2,0,59,452,10,61,151,170,laughsc01
Trevor Lewis,CGY,C,27,4,3,-2,2,0,1,1,0,0,52,353,10,60,27,45,lewistr01
Hampus Lindholm,BOS,D,26,4,16,21,20,0,0,1,6,0,54,630,32,33,0,0,lindhha01
Anton Lundell,FLA,C,24,4,9,9,12,0,1,0,2,0,56,407,15,8,137,150,lundean01
Saku Maenalanen,WPG,RW,25,4,2,4,6,0,0,0,0,0,30,288,11,57,2,0,maenasa01
Scott Mayfield,NYI,D,28,4,4,2,34,0,0,0,0,0,36,559,47,31,0,0,mayfisc01
Mason Mctavish,ANA,C,28,4,10,-8,16,2,0,0,4,0,53,396,10,26,69,75,mctavma01
Darnell Nurse,EDM,D,28,4,12,11,26,0,1,1,1,0,61,667,53,44,0,0,nurseda01
Jamie Oleksiak,SEA,D,22,4,3,2,23,0,0,0,0,0,13,412,38,52,0,0,oleksja01
Corey Perry,TBL,RW,26,4,8,-8,25,2,0,0,5,0,51,320,7,24,0,0,perryco01
Neal Pionk,WPG,D,26,4,9,-2,13,0,0,1,1,0,46,563,46,59,0,0,pionkne01
Ryan Poehling,PIT,C,25,4,3,3,0,0,1,0,0,0,28,285,15,28,93,112,poehlry01
Michael Rasmussen,DET,C,24,4,6,-6,21,0,0,0,0,0,36,336,21,60,117,120,rasmumi01
Matt Roy,LAK,D,29,4,8,-1,8,0,0,0,0,1,52,529,53,40,0,0,royma04
Derek Ryan,EDM,C,27,4,3,-1,14,0,0,0,0,0,28,290,17,16,62,74,ryande01
Nick Schmaltz,ARI,C,10,4,1,-2,10,0,0,1,0,0,21,174,4,2,11,17,schmani01
Braden Schneider,NYR,D,29,4,3,6,5,0,0,0,0,0,29,437,41,45,0,0,schnebr01
Mikhail Sergachev,TBL,D,26,4,20,0,22,2,0,1,10,1,43,620,53,30,0,0,sergami01
Mason Shaw,MIN,C,21,4,6,2,30,0,0,0,0,2,42,249,5,38,6,7,shawma01
Jakob Silfverberg,ANA,LW,27,4,2,-12,2,0,0,0,0,0,53,407,22,4,8,8,silfvja01
Brady Skjei,CAR,D,26,4,5,7,8,0,1,1,0,0,57,554,19,30,0,0,skjeibr01
Juraj Slafkovsky,MTL,LW,21,4,4,-1,23,1,0,0,1,0,25,241,15,19,3,3,slafkju01
Oskar Sundqvist,DET,C,19,4,7,-1,18,1,0,0,3,0,23,309,8,18,17,16,sundqos01
Pius Suter,DET,F,25,4,4,-3,2,0,1,0,0,0,41,319,11,14,33,46,suterpi01
Brandon Tanev,SEA,LW,26,4,7,12,6,0,0,2,0,0,41,398,26,61,2,7,tanevbr01
Shea Theodore,VEG,D,29,4,18,14,6,1,0,1,4,0,74,633,41,11,0,0,theodsh01
Frank Vatrano,ANA,LW,28,4,6,-9,10,0,0,0,0,0,82,485,27,39,1,6,vatrafr01
Arber Xhekaj,MTL,D,24,4,4,0,56,1,0,0,0,0,37,364,23,74,0,0,xhekaar01
Nikita Zadorov,CGY,D,27,4,2,8,31,0,0,0,1,0,47,528,28,67,0,0,zadorni01
Wade Allison,PHI,RW,14,3,1,4,6,0,0,0,0,0,24,175,14,42,1,1,alliswa01
Zach Aston-Reese,TOR,C,26,3,1,-3,15,0,0,1,0,0,23,301,22,52,2,2,astonza01
Rudolfs Balcers,TOT,LW,17,3,2,-1,4,0,0,0,0,0,24,173,4,7,0,2,balceru01
Alexander Barabanov,SJS,F,26,3,16,-8,8,1,0,0,8,0,51,458,19,17,0,0,barabal01
Mathew Barzal,NYI,C,28,3,27,2,14,2,0,0,12,0,69,524,10,17,59,122,barzama01
Nathan Bastian,NJD,RW,21,3,5,4,15,0,0,1,0,0,26,288,18,50,5,12,bastina01
Oliver Bjorkstrand,SEA,RW,26,3,10,-1,4,1,0,0,2,0,65,399,19,18,7,12,bjorkol01
Nick Bonino,SJS,C,27,3,3,-5,8,0,0,0,0,0,33,420,39,6,135,138,boninni01
Jesper Boqvist,NJD,C,21,3,1,2,0,0,0,2,0,0,21,225,6,11,33,47,boqvije01
Evan Bouchard,EDM,D,28,3,8,-11,10,0,0,0,3,1,64,523,28,46,0,0,bouchev01
Josh Brown,ARI,D,21,3,1,-3,16,0,0,0,0,0,25,388,47,48,0,0,brownjo01
Noah Cates,PHI,LW,28,3,6,1,2,0,0,1,2,1,28,506,28,41,115,201,catesno01
Jakob Chychrun,ARI,D,9,3,5,6,8,1,0,0,0,0,35,201,14,14,0,0,chychja01
Cal Clutterbuck,NYI,RW,23,3,2,4,12,0,0,0,0,0,20,277,17,89,0,1,cluttca01
J.T. Compher,COL,LW,25,3,10,-1,8,2,0,1,3,0,35,466,23,13,218,241,comphj.01
Andrew Copp,DET,C,26,3,14,1,8,1,0,1,1,0,33,448,13,14,174,192,coppan01
Nick Cousins,FLA,C,24,3,6,2,11,0,0,2,0,0,40,253,10,18,17,23,cousini01
Connor Dewar,MIN,C,25,3,6,1,29,0,2,0,0,1,30,278,16,44,53,66,dewarco01
Ryan Donato,SEA,C,22,3,3,6,12,0,0,0,1,0,32,228,3,23,14,15,donatry01
Brandon Duhaime,MIN,RW,14,3,1,4,20,0,1,1,0,0,21,133,5,40,0,1,duhaibr01
Radek Faksa,DAL,C,27,3,3,6,15,0,1,1,0,0,18,354,19,23,94,78,faksara01
Warren Foegele,EDM,LW,20,3,2,-2,8,0,1,1,0,0,32,245,6,39,4,4,foegewa01
Marcus Foligno,MIN,LW,21,3,5,-5,37,0,0,0,2,0,28,308,5,76,3,4,foligma01
Cam Fowler,ANA,D,28,3,12,-11,4,2,0,0,4,0,49,698,29,6,0,0,fowleca01
Morgan Frost,PHI,C,27,3,3,-5,10,0,0,1,1,0,41,390,18,26,100,147,frostmo01
Sam Gagner,WPG,C,23,3,4,-2,6,1,0,1,2,0,42,307,8,6,11,25,gagnesa01
Brendan Gallagher,MTL,RW,22,3,5,-3,10,0,0,1,2,0,51,316,7,10,4,7,gallabr01
Zemgus Girgensons,BUF,C,26,3,3,0,8,0,0,0,0,0,28,326,19,23,48,51,girgeze01
Yanni Gourde,SEA,C,25,3,11,6,18,0,1,0,0,0,45,422,13,38,117,137,gourdya01
Ryan Graves,NJD,D,27,3,6,18,6,0,0,0,0,1,40,516,39,30,0,0,gravery01
A.J. Greer,BOS,LW,19,3,4,2,26,0,0,0,0,0,20,180,7,44,0,0,greeraj01
Dylan Guenther,ARI,RW,21,3,8,-5,8,3,0,1,2,0,26,259,7,11,1,2,guentdy01
Jani Hakanpaa,DAL,D,27,3,4,8,32,0,0,1,0,0,27,510,45,77,0,0,hakanja01
Travis Hamonic,OTT,D,26,3,2,-2,26,0,0,0,0,0,48,475,42,39,0,0,hamontr01
Danton Heinen,PIT,C,24,3,7,-1,6,1,0,0,1,0,34,307,9,33,2,2,heineda01
Nils Hoglander,VAN,LW,22,3,4,-4,4,0,0,0,0,0,25,267,7,17,0,1,hoglani01
Mark Jankowski,NSH,C,12,3,1,2,4,0,1,1,0,0,16,161,11,15,73,53,jankoma01
Tanner Jeannot,NSH,F,24,3,2,4,30,0,0,0,0,0,43,374,20,90,3,7,jeannta01
Jujhar Khaira,CHI,LW,23,3,2,-2,18,1,1,0,1,0,25,315,16,37,24,15,khairju01
Keegan Kolesar,VEG,RW,27,3,1,5,27,0,0,0,0,0,20,310,19,90,6,13,koleske01
Philipp Kurashev,CHI,C,26,3,9,-16,6,0,0,1,4,0,49,449,9,18,9,23,kurasph01
Evgeny Kuznetsov,WSH,C,28,3,18,-3,20,2,0,1,6,0,70,519,11,14,186,198,kuzneev01
Sam Lafferty,CHI,C,20,3,4,-5,11,0,2,1,0,1,26,279,6,26,80,79,laffesa01
Adam Larsson,SEA,D,26,3,5,12,25,0,1,0,0,0,41,620,58,69,0,0,larssad01
Brett Leason,ANA,RW,22,3,1,-6,4,0,0,0,0,0,19,247,8,16,1,2,leasobr01
Ryan Lomberg,FLA,LW,27,3,3,-2,21,0,0,1,0,0,28,271,5,36,5,3,lombery01
Steven Lorentz,SJS,C,28,3,3,-7,4,0,0,0,0,0,41,314,11,46,75,72,lorenst01
Zack MacEwen,PHI,C,26,3,5,0,33,0,0,2,0,0,50,368,15,94,9,9,macewza01
Josh Mahura,FLA,D,27,3,3,17,16,0,0,1,0,0,31,382,20,29,0,0,mahurjo01
Matt Martin,NYI,LW,27,3,5,1,21,0,0,1,0,0,19,283,8,91,3,8,martima02
Jack McBain,ARI,C,25,3,2,0,25,0,0,0,0,0,24,340,18,68,136,159,mcbaija03
Michael McLeod,NJD,C,27,3,9,6,23,0,0,1,0,0,31,316,16,45,192,143,mcleomi01
Ryan McLeod,EDM,C,21,3,5,-1,10,0,1,0,0,1,22,310,8,12,108,135,mcleory01
Sonny Milano,WSH,LW,17,3,7,-5,6,0,0,1,3,0,24,234,4,14,0,0,milanso01
J.J. Moser,ARI,D,25,3,10,-10,14,0,0,0,6,0,30,571,47,22,0,0,moserja01
Stefan Noesen,CAR,RW,25,3,8,-2,13,3,0,0,4,0,49,312,9,27,2,1,noesest01
Ondrej Palat,NJD,LW,6,3,0,-1,0,0,0,1,0,0,8,112,4,12,0,2,palaton01
Juuso Parssinen,NSH,C,10,3,2,-5,0,1,0,1,1,0,15,168,2,21,44,57,parssju01
Adam Pelech,NYI,D,27,3,8,12,24,0,0,0,0,1,35,562,41,39,0,0,pelecad01
Nicklaus Perbix,TBL,D,20,3,3,6,8,0,0,1,0,0,34,305,26,20,0,0,perbini01
Jeff Petry,PIT,D,27,3,9,4,18,2,0,0,2,0,44,605,54,84,0,0,petryje01
Alex Pietrangelo,VEG,D,23,3,18,4,4,1,0,1,6,0,50,540,54,25,0,0,pietral01
Aliaksei Protas,WSH,C,29,3,2,0,4,0,0,0,0,0,36,321,6,18,1,9,protaal01
Eric Robinson,CBJ,LW,25,3,5,-5,6,0,0,1,0,1,31,348,10,38,1,7,robiner01
Jan Rutta,PIT,D,27,3,3,11,14,0,0,0,0,0,35,455,30,32,0,0,ruttaja02
Travis Sanheim,PHI,D,28,3,8,-6,18,0,1,0,0,0,37,582,53,27,0,0,sanhetr01
Nate Schmidt,WPG,D,26,3,3,7,2,2,0,0,1,0,33,534,38,18,0,0,schmina01
Justin Schultz,SEA,D,26,3,13,1,18,0,0,1,7,0,42,480,28,12,0,0,schulju01
Lukas Sedlak,TOT,C,27,3,5,4,12,0,0,0,0,1,40,329,28,51,85,93,sedlalu01
Colton Sissons,NSH,C,24,3,4,1,2,0,0,0,0,0,23,373,15,59,203,167,sissoco01
Michael Stone,CGY,D,17,3,4,5,8,0,0,0,2,0,36,234,16,14,0,0,stonemi01
Evgeny Svechnikov,SJS,LW,22,3,4,2,6,0,0,0,0,0,20,243,8,33,5,2,svechev01
Joe Veleno,DET,C,25,3,3,3,6,0,0,0,0,0,21,294,10,58,69,116,velenjo01
Jimmy Vesey,NYR,LW,28,3,5,3,2,0,1,0,0,0,46,371,19,44,3,6,veseyji02
Zach Werenski,CBJ,D,13,3,5,-6,0,0,0,0,2,0,41,307,24,5,0,0,werenza01
Pavel Zacha,BOS,C,26,3,13,6,4,1,0,1,2,0,46,410,4,17,30,45,zachapa01
Calen Addison,MIN,D,25,2,12,-10,12,0,0,1,10,0,31,422,16,8,0,0,addisca01
Sebastian Aho,NYI,D,24,2,3,2,2,0,0,0,0,0,30,344,14,11,0,0,ahose02
Michael Anderson,LAK,D,29,2,4,3,10,0,0,0,0,0,32,624,43,60,0,0,andermi02
Rasmus Asplund,BUF,F,18,2,4,-1,0,0,1,0,0,0,23,219,7,7,17,26,asplura01
Morgan Barron,WPG,C,16,2,5,3,4,0,0,1,1,0,28,225,10,19,4,3,barromo01
Ethan Bear,VAN,D,18,2,4,-4,2,0,0,1,0,0,16,335,37,14,0,0,bearet01
Emil Bemstrom,CBJ,C,7,2,2,0,2,0,0,0,1,0,16,90,1,5,1,2,bemstem01
Marcus Bjork,CBJ,D,13,2,4,2,14,1,0,0,2,0,14,251,19,17,0,0,bjorkma01
Nick Blankenburg,CBJ,D,7,2,1,-5,4,0,0,1,0,0,13,126,13,12,0,0,blankni01
William Borgen,SEA,D,26,2,4,1,17,0,0,1,0,0,21,407,31,64,0,0,borgewi01
Travis Boyd,ARI,C,25,2,8,-10,12,1,0,1,4,0,22,429,16,10,171,199,boydtr01
Kyle Burroughs,VAN,D,14,2,0,-7,21,0,0,0,0,0,14,254,31,47,0,0,burroky01
Bowen Byram,COL,D,10,2,3,3,4,0,1,0,1,0,11,208,11,15,0,0,byrambo01
Ben Chiarot,DET,D,26,2,4,-13,16,0,0,0,0,0,41,540,57,54,0,0,chiarbe01
Connor Clifton,BOS,D,26,2,6,10,28,0,0,0,0,0,44,512,30,71,0,0,cliftco01
Ian Cole,TBL,D,23,2,7,6,16,0,0,0,0,0,35,432,44,37,0,0,coleia01
Austin Czarnik,DET,C,8,2,0,0,2,0,0,0,0,0,9,92,3,10,3,12,czarnau01
Evgenii Dadonov,MTL,RW,22,2,2,-9,8,0,0,0,0,0,28,307,15,10,2,5,dadonev01
Justin Danforth,CBJ,RW,6,2,1,-3,4,0,0,0,0,0,10,80,1,7,4,9,danfoju01
Sheldon Dries,VAN,C,15,2,4,-7,6,1,0,0,1,0,27,162,6,14,81,74,driessh01
Mathew Dumba,MIN,D,26,2,6,-6,27,0,0,1,0,0,33,546,36,35,0,0,dumbama01
Jesper Fast,CAR,RW,26,2,6,3,2,0,0,1,0,0,23,392,11,39,4,3,fastje01
Martin Fehervary,WSH,D,26,2,2,1,10,0,0,0,0,0,36,522,39,83,0,0,feherma01
Vladislav Gavrikov,CBJ,D,26,2,5,1,10,0,0,2,0,0,32,590,53,25,0,0,gavrivl01
Luke Glendening,DAL,C,27,2,2,-2,37,0,1,0,0,0,19,338,23,36,138,87,glendlu01
Derek Grant,ANA,C,15,2,1,-6,8,0,0,0,0,0,22,207,10,17,81,76,grantde01
Jordan Gross,NSH,D,4,2,0,-5,0,1,0,0,0,0,7,70,9,3,0,0,grossjo01
Radko Gudas,FLA,D,25,2,4,2,39,0,0,0,0,0,49,470,41,95,0,0,gudasra01
Jansen Harkins,WPG,C,11,2,2,4,8,0,0,0,0,0,10,114,6,2,2,6,harkija01
Garnet Hathaway,WSH,RW,29,2,2,0,35,0,0,0,0,0,29,353,33,103,3,3,hathaga01
Pontus Holmberg,TOR,RW,13,2,2,1,2,0,0,2,0,0,8,127,8,9,30,41,holmbpo01
Alexander Holtz,NJD,RW,9,2,0,-1,8,2,0,0,0,0,10,96,3,3,0,0,holtzal01
Dryden Hunt,TOT,LW,24,2,0,-6,15,0,0,0,0,0,17,202,3,62,1,2,huntdr01
Alex Iafallo,LAK,C,6,2,4,2,4,1,0,0,0,0,9,88,1,3,0,1,iafalal01
Reese Johnson,CHI,F,20,2,1,-5,25,0,0,0,0,0,15,202,5,52,26,20,johnsre01
Tyler Johnson,CHI,C,6,2,4,1,6,1,0,0,2,0,12,84,3,13,0,3,johnsty01
Max Jones,ANA,LW,27,2,3,-11,31,0,0,0,0,0,37,319,4,39,5,6,jonesma03
Mathieu Joseph,OTT,RW,25,2,7,3,12,1,1,0,1,0,28,358,15,39,3,2,josepma01
Mark Kastelic,OTT,C,23,2,1,-5,28,0,0,1,0,0,21,196,18,49,118,87,kastema01
Alexander Kerfoot,TOR,C,28,2,10,6,12,1,0,0,1,1,43,431,18,10,26,38,kerfoal01
Klim Kostin,EDM,C,12,2,2,2,11,0,0,0,0,0,19,119,3,26,1,1,kostikl01
Jesperi Kotkaniemi,CAR,C,26,2,3,-1,22,1,0,1,1,0,38,388,6,24,134,117,kotkaje01
Brett Kulak,EDM,D,28,2,6,4,12,0,0,0,0,0,35,496,40,33,0,0,kulakbr01
Dmitry Kulikov,ANA,D,28,2,7,-7,16,0,0,0,0,0,42,585,52,44,0,0,kulikdm01
Rasmus Kupari,LAK,C,16,2,3,0,6,0,0,0,0,0,12,178,10,18,70,72,kuparra01
Tanner Laczynski,PHI,C,19,2,2,1,2,0,0,0,0,0,14,194,5,12,18,19,laczyta01
Josh Leivo,STL,LW,17,2,7,2,0,0,0,0,0,0,44,232,6,21,0,1,leivojo01
Timothy Liljegren,TOR,D,17,2,3,13,6,0,0,0,0,0,15,323,27,33,0,0,liljeti01
Esa Lindell,DAL,D,27,2,7,15,8,0,0,1,0,1,35,541,42,46,0,0,lindees01
Nils Lundkvist,DAL,D,24,2,5,-3,18,0,0,0,1,0,45,417,25,23,0,0,lundkni01
Olli Maatta,DET,D,25,2,8,11,4,0,0,0,0,0,20,498,44,29,0,0,maattol01
Matias Maccelli,ARI,LW,23,2,17,1,14,1,0,1,7,0,18,350,5,8,0,1,maccema01
Denis Malgin,TOR,C,19,2,2,1,4,0,0,0,0,0,40,217,4,25,1,1,malgide01
Josh Manson,COL,D,21,2,4,2,40,0,0,2,0,0,30,356,23,46,0,0,mansojo01
John Marino,NJD,D,27,2,6,12,10,0,0,0,0,0,35,586,37,30,0,0,marinjo01
Charlie McAvoy,BOS,D,13,2,12,7,10,1,0,1,6,0,30,301,22,24,0,0,mcavoch01
Jacob Middleton,MIN,D,26,2,4,3,36,0,0,0,0,0,26,471,47,41,0,0,middlja01
Tyler Motte,OTT,C,26,2,6,2,4,0,0,0,0,0,52,380,27,59,18,28,mottety01
Connor Murphy,CHI,D,26,2,1,2,23,0,1,0,0,0,28,516,53,50,0,0,murphco02
Tomas Nosek,BOS,C,26,2,4,6,34,0,1,0,0,0,24,330,11,29,138,100,nosekto01
Kyle Okposo,BUF,RW,21,2,9,1,10,1,0,0,3,0,42,320,6,24,28,40,okposky01
Mathieu Olivier,CBJ,F,21,2,3,-3,41,0,0,1,0,0,25,230,19,42,0,4,olivima01
Andrew Peeke,CBJ,D,26,2,2,-9,10,0,0,1,0,1,24,539,52,49,0,0,peekean01
Brett Pesce,CAR,D,26,2,6,3,10,1,0,2,1,0,45,586,38,14,0,0,pescebr01
Nicholas Robertson,TOR,LW,15,2,3,2,0,0,0,1,0,0,27,163,7,18,2,1,roberni01
Calle Rosen,STL,D,17,2,4,9,4,0,0,1,0,0,21,238,20,6,0,0,rosenca01
Robin Salo,NYI,D,5,2,0,1,4,0,0,0,0,0,5,63,8,2,0,0,saloro01
Rasmus Sandin,TOR,D,28,2,7,6,13,0,0,0,3,0,27,506,34,70,0,0,sandira01
Luke Schenn,VAN,D,27,2,6,7,44,0,0,0,0,0,34,480,41,113,0,0,schenlu01
Nick Seeler,PHI,D,28,2,3,5,22,0,0,0,0,0,26,399,47,41,0,0,seeleni01
Moritz Seider,DET,D,26,2,9,-14,8,0,0,1,4,1,44,587,62,56,0,0,seidemo01
Damon Severson,NJD,D,27,2,4,2,12,0,0,1,2,0,31,479,28,13,0,0,severda01
Cole Sillinger,CBJ,C,26,2,3,-7,12,1,0,0,0,0,37,335,9,37,122,150,sillico01
Elmer Soderblom,DET,RW,13,2,0,-5,6,0,0,1,0,0,20,168,8,10,1,1,soderel01
Jared Spurgeon,MIN,D,26,2,9,10,6,0,0,0,1,1,50,548,53,23,0,0,spurgja01
Jack Studnicka,TOT,C,11,2,1,-1,6,0,0,1,0,0,14,113,5,10,12,18,studnja01
Jarred Tinordi,CHI,D,21,2,3,-2,15,0,0,1,0,0,17,361,32,82,0,0,tinorja01
Eeli Tolvanen,NSH,RW,13,2,2,-2,4,0,0,1,0,0,19,167,16,22,1,2,tolvaee01
James van Riemsdyk,PHI,LW,8,2,3,3,8,2,0,0,1,0,10,120,3,2,0,2,vanrija01
Artem Zub,OTT,D,14,2,2,-1,10,0,0,0,0,0,15,308,16,52,0,0,zubar01
Michael Amadio,VEG,C,15,1,1,-4,4,0,0,0,0,0,15,145,8,19,16,17,amadimi01
Nils Aman,VAN,C,27,1,4,-3,2,0,0,0,0,0,20,334,18,20,70,112,amanni01
Jaret Anderson-Dolan,LAK,C,14,1,2,-1,0,0,0,0,0,0,18,148,10,24,14,13,anderja01
Mason Appleton,WPG,C,14,1,5,1,6,0,0,0,0,0,23,232,3,26,0,2,applema01
Kevin Bahl,NJD,D,4,1,0,1,2,0,0,0,0,0,5,43,8,4,0,0,bahlke01
Jake Bean,CBJ,D,14,1,5,-2,6,0,0,0,1,0,16,220,21,13,0,0,beanja01
Jordie Benn,TOR,D,6,1,1,0,6,0,0,1,0,0,8,102,15,18,0,0,bennjo01
Matt Benning,SJS,D,30,1,12,-4,14,0,0,0,1,0,22,577,47,43,0,0,bennima01
Tyler Bertuzzi,DET,LW,9,1,3,-1,4,0,0,0,1,0,22,140,4,9,0,1,bertuty01
Teddy Blueger,PIT,C,12,1,4,-1,10,0,0,0,0,0,13,152,7,19,52,60,bluegte01
Matej Blumel,DAL,RW,6,1,0,-2,0,0,0,0,0,0,7,58,2,7,0,0,blumema01
Patrick Brown,PHI,C,10,1,1,0,2,0,0,0,0,0,15,122,13,26,24,27,brownpa02
Jacob Bryson,BUF,D,23,1,7,-15,4,0,0,0,0,1,11,393,38,14,0,0,brysoja01
Ryan Carpenter,NYR,C,21,1,2,-5,10,0,0,0,0,0,17,202,11,35,67,57,carpery01
Alexandre Carrier,NSH,D,22,1,0,-3,8,0,0,0,0,0,26,403,26,30,0,0,carrial01
Cody Ceci,EDM,D,28,1,4,9,8,0,0,0,0,0,30,589,44,43,0,0,cecico01
Casey Cizikas,NYI,C,28,1,5,0,36,0,0,0,0,0,30,366,19,63,189,153,cizikca01
Joseph Cramarossa,MIN,C,4,1,0,0,4,0,0,0,0,0,1,31,1,8,0,1,cramajo01
Zac Dalpe,FLA,RW,2,1,0,1,2,0,0,0,0,0,2,22,2,0,4,5,dalpeza01
Calvin de Haan,CAR,D,19,1,1,-3,6,0,0,0,0,0,17,242,19,38,0,0,dehaaca01
Nicolas Deslauriers,PHI,LW,28,1,4,-1,57,0,0,0,0,0,20,297,11,124,1,3,deslani01
Drew Doughty,LAK,D,29,1,16,1,16,1,0,0,6,0,50,763,39,48,0,0,doughdr01
Joel Edmundson,MTL,D,16,1,2,-6,21,0,0,0,0,0,22,310,54,20,0,0,edmunjo01
Mattias Ekholm,NSH,D,24,1,7,1,8,0,0,0,2,0,41,511,25,30,0,0,ekholma01
Oliver Ekman-Larsson,VAN,D,27,1,12,-9,12,0,0,0,3,1,48,560,21,43,0,0,ekmanol01
Mackenzie Entwistle,CHI,RW,26,1,3,-4,6,0,0,0,1,0,19,306,11,47,37,36,entwima01
Michael Eyssimont,WPG,C,13,1,3,7,7,0,0,0,0,0,19,127,4,25,1,2,eyssimi01
Samuel Fagemo,LAK,LW,2,1,1,2,0,0,0,0,0,0,1,17,3,2,0,0,fagemsa01
Hudson Fasching,NYI,RW,2,1,0,0,0,0,0,0,0,0,4,26,1,3,0,1,faschhu01
Mario Ferraro,SJS,D,23,1,4,-14,8,0,0,0,1,0,24,525,47,27,0,1,ferrama01
Callan Foote,TBL,D,13,1,0,0,9,0,0,0,0,0,11,191,11,20,0,0,footeca01
Derek Forbort,BOS,D,15,1,3,6,6,0,0,1,0,0,12,276,20,37,0,0,forbode01
Jonah Gadjovich,SJS,LW,14,1,0,-3,30,0,0,0,0,0,10,120,0,37,1,3,gadjojo01
Dylan Gambrell,OTT,C,9,1,0,1,7,0,0,0,0,0,7,91,2,7,29,33,gambrdy01
Mark Giordano,TOR,D,28,1,6,12,23,0,1,1,0,0,37,555,58,30,0,0,giordma01
Samuel Girard,COL,D,19,1,4,-8,10,0,0,0,2,0,30,375,17,17,0,0,girarsa01
Cody Glass,NSH,C,14,1,2,-1,2,0,0,0,0,0,18,161,3,7,43,57,glassco01
Alex Goligoski,MIN,D,14,1,2,-1,0,0,0,1,0,0,22,246,22,12,0,0,goligal01
Jordan Greenway,MIN,LW,10,1,1,-1,8,0,0,0,0,0,14,133,7,18,0,0,greenjo02
Noah Gregor,SJS,C,13,1,0,-1,5,0,0,0,0,0,23,157,10,18,0,1,gregono01
Matt Grzelcyk,BOS,D,22,1,6,11,12,0,0,1,0,0,35,379,25,17,0,0,grzelma01
Erik Gudbranson,CBJ,D,25,1,5,-7,17,0,0,1,0,0,32,504,41,48,0,0,gudbrer01
Kaiden Guhle,MTL,D,26,1,9,-9,21,0,0,0,0,0,23,530,45,58,0,0,guhleka01
Denis Gurianov,DAL,RW,20,1,3,-5,4,0,0,0,0,0,33,255,8,9,0,0,guriade01
Nicolas Hague,VEG,D,28,1,4,-3,6,0,0,0,0,0,34,459,42,37,0,0,hagueni01
Libor Hajek,NYR,D,15,1,0,1,2,0,0,0,0,0,12,200,18,17,0,0,hajekli01
Noah Hanifin,CGY,D,26,1,10,-1,14,0,0,0,2,1,66,582,48,34,0,0,hanifno01
Scott Harrington,SJS,D,4,1,1,2,4,0,0,1,0,0,5,61,5,4,0,0,harrisc01
Jordan Harris,MTL,D,22,1,6,1,10,0,0,0,0,0,28,405,36,15,0,0,harrijo01
Ryan Hartman,MIN,RW,9,1,4,0,16,0,0,1,0,1,21,142,3,13,32,44,hartmry01
Erik Haula,NJD,LW,27,1,11,9,14,1,0,0,2,0,58,448,21,30,207,144,haulaer01
Victor Hedman,TBL,D,24,1,11,0,12,0,0,0,5,0,51,581,45,39,0,0,hedmavi01
Aleksi Heponiemi,FLA,C,7,1,1,1,2,0,0,0,0,0,5,63,1,2,1,0,heponal01
Nick Holden,OTT,D,21,1,3,-3,2,0,0,0,0,0,24,343,27,34,0,0,holdeni01
Justin Holl,TOR,D,28,1,2,5,18,0,0,1,0,0,25,604,57,58,0,0,hollju01
Dylan Holloway,EDM,C,24,1,3,-5,6,0,0,0,0,0,14,204,5,36,13,20,hollody01
Patric Hornqvist,FLA,RW,22,1,2,-4,13,0,0,1,1,0,40,204,8,18,1,5,hornqpa01
Brett Howden,VEG,C,21,1,2,2,10,0,0,0,0,0,21,275,16,33,62,57,howdebr01
Mattias Janmark,EDM,C,14,1,2,1,10,0,0,0,0,0,13,214,5,4,6,7,janmama02
Nick Jensen,WSH,D,29,1,10,6,10,0,0,0,0,1,35,604,58,38,0,0,jenseni02
Henri Jokiharju,BUF,D,16,1,3,2,12,0,0,0,0,0,20,326,19,16,0,0,jokihhe01
Caleb Jones,CHI,D,21,1,8,-10,14,0,0,0,3,0,27,379,30,28,0,0,jonesca01
Seth Jones,CHI,D,16,1,6,-15,12,0,0,0,4,1,38,396,38,23,0,0,jonesse01
Zachary Jones,NYR,D,16,1,1,-2,4,0,0,1,0,0,15,250,16,5,0,0,jonesza01
Axel Jonsson Fjällby,WPG,LW,23,1,1,-2,4,0,0,1,0,0,27,253,10,23,1,3,jonssax01
Tyson Jost,TOT,C,21,1,4,-5,22,0,0,0,0,0,22,277,9,15,40,61,jostty01
Zack Kassian,ARI,RW,13,1,0,-8,34,0,0,0,0,0,9,134,2,20,0,3,kassiza01
Boris Katchouk,CHI,LW,15,1,1,-2,8,0,0,0,0,0,13,140,3,33,0,1,katchbo01
Martin Kaut,COL,RW,18,1,2,-2,2,0,0,1,0,0,19,184,4,5,1,3,kautma01
Matt Kiersted,FLA,D,12,1,1,3,4,0,0,0,0,0,11,129,2,10,0,0,kiersma01
John Klingberg,ANA,D,21,1,7,-14,10,0,0,0,3,0,30,480,24,22,0,0,klingjo01
Cole Koepke,TBL,LW,17,1,0,-5,2,0,0,0,0,0,12,155,5,32,0,0,koepkco01
Johnathan Kovacevic,MTL,D,23,1,3,5,10,0,0,0,0,0,33,395,24,26,0,0,kovacjo01
Vitali Kravtsov,NYR,RW,10,1,1,4,6,0,0,0,0,0,7,101,3,7,0,2,kravtvi01
Peyton Krebs,BUF,C,21,1,3,-4,14,0,0,0,0,0,14,250,4,17,34,55,krebspe01
Karson Kuhlman,SEA,C,14,1,2,3,0,0,0,1,0,0,13,136,6,8,0,0,kuhlmka01
Jakub Lauko,BOS,C,7,1,1,0,2,0,0,0,0,0,7,72,1,14,0,0,laukoja01
Curtis Lazar,VAN,C,17,1,1,-1,2,0,0,0,0,0,20,209,16,49,24,36,lazarcu01
Kris Letang,PIT,D,21,1,11,-7,8,1,0,0,2,0,44,502,34,44,0,0,letankr01
Oskar Lindblom,SJS,LW,29,1,4,-8,4,0,0,0,1,0,27,289,9,26,5,7,lindbos01
Matt Luff,DET,RW,7,1,0,-1,0,0,0,0,0,0,5,59,3,7,0,1,luffma01
Isac Lundestrom,ANA,C,24,1,5,-6,2,0,1,0,0,0,28,337,12,10,105,117,lundeis01
Beck Malenstyn,WSH,LW,5,1,1,2,2,0,0,1,0,0,4,43,2,15,1,0,malenbe01
Mike Matheson,MTL,D,9,1,5,-4,10,0,0,0,2,0,21,220,9,10,0,0,mathemi01
Jake McCabe,CHI,D,23,1,7,3,10,0,0,0,0,0,18,449,61,51,0,0,mccabja01
Michael McCarron,NSH,RW,15,1,1,-2,17,0,0,0,0,0,21,148,13,34,19,19,mccarmi01
Jonathon Merrill,MIN,D,22,1,5,-3,10,0,0,0,0,0,18,357,32,18,0,0,merrijo01
Ben Meyers,COL,F,5,1,0,-1,0,0,0,0,0,0,5,58,1,5,16,11,meyerbe01
Colin Miller,DAL,D,26,1,6,13,19,0,0,0,0,0,30,433,23,41,0,0,milleco02
K'Andre Miller,NYR,D,29,1,9,0,12,0,0,0,0,1,45,641,35,59,0,0,milleka01
Philippe Myers,TBL,D,11,1,2,0,4,0,0,0,0,0,21,127,6,31,0,0,myersph01
Vladislav Namestnikov,TBL,C,26,1,4,-7,11,0,0,0,2,0,39,339,9,39,44,75,namesvl01
Jake Neighbours,STL,LW,13,1,0,-10,4,0,0,0,0,0,14,156,4,12,2,5,neighja01
Joshua Norris,OTT,C,5,1,1,0,2,0,0,0,0,0,8,92,3,6,33,24,norrijo01
Liam O'Brien,ARI,C,25,1,3,1,36,0,0,0,0,0,14,300,14,89,2,4,obrieli01
Jordan Oesterle,DET,D,16,1,1,8,4,0,0,0,0,0,16,248,20,15,0,0,oestejo01
Colton Parayko,STL,D,24,1,6,-7,6,0,0,1,1,0,47,555,41,43,0,0,parayco01
Tanner Pearson,VAN,LW,14,1,4,-9,21,0,0,0,1,0,17,189,3,20,7,11,pearsta01
Michael Pezzetta,MTL,C,13,1,0,-3,7,0,0,0,0,0,16,105,1,33,4,4,pezzemi01
Rem Pitlick,MTL,C,10,1,0,-2,8,0,0,0,0,0,4,112,3,3,5,5,pitlire01
Tyler Pitlick,STL,C,18,1,1,-1,2,0,0,0,0,0,10,169,8,33,0,1,pitlity01
Ivan Provorov,PHI,D,28,1,11,-9,10,0,0,0,2,0,58,665,74,51,0,0,provoiv01
Jesse Puljujarvi,EDM,RW,28,1,5,-12,9,0,0,0,0,0,41,380,9,63,0,1,puljuje01
Ryan Pulock,NYI,D,28,1,11,12,4,0,0,0,3,0,37,562,49,50,0,0,pulocry01
Pavol Regenda,ANA,F,14,1,2,-3,4,0,0,0,0,0,17,148,13,8,1,1,regenpa01
Filip Roos,CHI,D,15,1,2,-7,4,0,0,0,0,0,17,245,17,11,0,0,roosfi01
Jack Roslovic,CBJ,C,23,1,9,-5,6,0,1,0,2,0,36,365,20,16,143,144,rosloja01
Dylan Samberg,WPG,D,18,1,2,2,8,0,0,0,0,0,16,273,38,26,0,0,sambedy01
Mattias Samuelsson,BUF,D,14,1,1,12,10,0,0,0,0,0,23,295,26,28,0,0,samuema02
Jake Sanderson,OTT,D,26,1,11,1,4,1,0,0,5,0,47,546,40,20,0,0,sandeja01
Zach Sanford,NSH,LW,8,1,1,-3,2,0,0,1,0,0,9,97,6,9,1,0,sanfoza01
David Savard,MTL,D,24,1,7,-4,18,0,0,1,0,0,24,535,74,19,0,0,savarda01
Kiefer Sherwood,NSH,RW,5,1,1,1,11,0,0,0,0,0,4,50,0,8,1,0,sherwki01
Jonas Siegenthaler,NJD,D,27,1,9,21,20,1,0,0,0,0,33,559,45,30,0,0,siegejo01
Radim Simek,SJS,D,25,1,0,-6,21,0,0,0,0,0,26,374,46,47,0,0,simekra01
Jaccob Slavin,CAR,D,26,1,6,6,4,0,0,0,0,0,52,590,36,19,0,0,slavija01
Craig Smith,BOS,C,14,1,2,1,6,0,0,0,1,0,18,140,3,13,0,1,smithcr01
Carson Soucy,SEA,D,26,1,4,5,27,0,0,0,0,0,28,432,28,56,0,0,soucyca01
Chris Tierney,FLA,C,2,1,1,2,0,0,0,0,0,0,1,19,2,0,4,3,tiernch01
Devon Toews,COL,D,23,1,14,4,4,0,0,0,2,0,40,565,42,16,0,0,toewsde01
Alexey Toropchenko,STL,RW,15,1,0,-3,6,0,0,0,0,0,19,156,3,36,0,0,toropal01
Yakov Trenin,NSH,C,19,1,3,0,6,0,0,0,0,0,30,269,9,43,4,4,treniya01
Juuso Valimaki,ARI,D,21,1,5,0,12,0,0,0,4,0,17,344,22,10,0,0,valimju01
Trevor van Riemsdyk,WSH,D,29,1,4,-1,11,0,0,0,1,0,21,512,52,11,0,0,vanritr01
Jakub Voracek,CBJ,RW,11,1,5,-7,0,1,0,0,0,0,17,176,7,2,1,2,voracja01
Jakub Vrana,DET,LW,2,1,1,1,0,0,0,0,0,0,5,23,0,2,0,1,vranaja01
Sean Walker,LAK,D,24,1,4,-6,12,0,0,0,0,0,32,355,27,25,0,0,walkese01
Jake Walman,DET,D,10,1,0,7,2,0,0,0,0,0,16,157,12,9,0,0,walmaja01
Austin Watson,OTT,LW,26,1,2,-5,27,0,0,0,0,0,22,252,18,69,2,6,watsoau01
Zach Whitecloud,VEG,D,29,1,5,0,23,0,0,0,0,0,26,491,54,48,0,0,whiteza01
Shane Wright,SEA,C,8,1,1,4,2,0,0,0,0,0,4,68,6,1,10,21,wrighsh01
Kailer Yamamoto,EDM,RW,16,1,5,6,4,0,0,1,0,0,21,263,5,27,0,0,yamamka01
Jakub Zboril,BOS,D,13,1,0,-1,2,0,0,1,0,0,8,176,11,13,0,0,zborija01
Nikita Alexandrov,STL,C,9,0,1,1,0,0,0,0,0,0,9,84,5,9,4,11,alexani01
Alexander Alexeyev,WSH,D,5,0,1,-1,2,0,0,0,0,0,3,61,8,6,0,0,alexeal01
Lias Andersson,LAK,C,1,0,0,-1,0,0,0,0,0,0,1,9,0,2,0,0,anderli01
Joel Armia,MTL,RW,15,0,2,-5,4,0,0,0,0,0,29,228,9,8,1,3,armiajo01
Nicolas Aube-Kubel,TOT,RW,10,0,0,-1,9,0,0,0,0,0,4,90,1,28,1,1,aubekni01
Cole Bardreau,NYI,F,1,0,0,0,2,0,0,0,0,0,0,7,0,2,0,0,bardrco01
Alex Barre-Boulet,TBL,F,1,0,0,0,0,0,0,0,0,0,1,10,0,0,0,1,barreal01
Gavin Bayreuther,CBJ,D,12,0,1,-2,6,0,0,0,0,0,13,181,19,14,0,0,bayrega01
Nathan Beaulieu,ANA,D,16,0,3,-4,28,0,0,0,0,0,8,203,29,16,0,0,beaulna01
Adam Beckman,MIN,LW,4,0,0,-1,0,0,0,0,0,0,6,38,1,2,0,0,beckmad01
Pierre-Edouard Bellemare,TBL,LW,24,0,2,-4,11,0,0,0,0,0,10,277,20,27,113,103,bellepi01
Kieffer Bellows,TOT,LW,12,0,0,-5,6,0,0,0,0,0,19,139,3,30,2,6,belloki01
Simon Benoit,ANA,D,24,0,1,-11,35,0,0,0,0,0,19,435,41,62,0,0,benoisi01
Tyler Benson,EDM,LW,2,0,0,0,0,0,0,0,0,0,0,13,0,2,0,0,bensoty01
Jacob Bernard-Docker,OTT,D,6,0,1,1,7,0,0,0,0,0,6,106,6,9,0,0,bernaja01
Tim Berni,CBJ,D,3,0,0,2,2,0,0,0,0,0,3,49,3,5,0,0,berniti01
William Bitten,STL,C,3,0,1,1,0,0,0,0,0,0,0,21,0,7,0,0,bittewi01
Anders Bjork,BUF,LW,1,0,0,0,0,0,0,0,0,0,1,10,0,0,0,0,bjorkan01
Tobias Bjornfot,LAK,D,2,0,1,0,0,0,0,0,0,0,2,32,1,2,0,0,bjornto01
Colin Blackwell,CHI,C,23,0,3,-6,2,0,0,0,0,1,27,286,11,25,8,8,blackco01
Sammy Blais,NYR,LW,26,0,5,3,4,0,0,0,0,0,21,260,8,90,0,2,blaissa01
Anton Blidh,COL,LW,9,0,0,-2,4,0,0,0,0,0,8,64,2,16,0,2,blidhan01
Zach Bogosian,TBL,D,8,0,0,-2,4,0,0,0,0,0,6,111,4,29,0,0,bogosza01
Adam Boqvist,CBJ,D,4,0,0,-1,0,0,0,0,0,0,3,64,4,2,0,0,boqviad01
Mark Borowiecki,NSH,D,4,0,0,0,12,0,0,0,0,0,1,40,1,5,0,0,borowma01
Robert Bortuzzo,STL,D,17,0,0,-1,15,0,0,0,0,0,11,196,15,20,0,0,borturo01
Shane Bowers,COL,C,1,0,0,0,0,0,0,0,0,0,1,2,0,0,0,2,bowersh01
Erik Brannstrom,OTT,D,26,0,3,-1,12,0,0,0,0,0,26,422,44,15,0,0,branner01
Justin Braun,PHI,D,26,0,0,1,17,0,0,0,0,0,21,438,29,29,0,0,braunju01
Guillaume Brisebois,VAN,D,3,0,1,1,0,0,0,0,0,0,3,51,4,1,0,0,brisegu01
Philip Broberg,EDM,D,8,0,1,-2,0,0,0,0,0,0,3,104,11,5,0,0,brobeph01
T.J. Brodie,TOR,D,16,0,3,2,4,0,0,0,0,1,18,338,24,17,0,0,broditj01
Jonas Brodin,MIN,D,20,0,4,-3,12,0,0,0,0,1,29,443,35,19,0,0,brodijo01
Jonny Brodzinski,NYR,C,3,0,0,1,0,0,0,0,0,0,5,26,0,4,17,9,brodzjo01
Connor Brown,WSH,RW,4,0,0,-3,0,0,0,0,0,0,2,67,1,6,2,3,brownco02
Logan Brown,STL,C,5,0,0,-2,0,0,0,0,0,0,5,46,2,5,4,14,brownlo01
Callahan Burke,COL,C,2,0,0,-1,0,0,0,0,0,0,2,18,2,1,2,4,burkeca01
Quinton Byfield,LAK,C,8,0,3,-1,4,0,0,0,0,0,5,94,2,4,31,33,byfiequ01
Drake Caggiula,PIT,LW,3,0,0,-1,0,0,0,0,0,0,2,22,1,5,0,1,caggidr01
Kyle Capobianco,WPG,D,3,0,0,0,0,0,0,0,0,0,1,38,1,6,0,0,capobky01
Brandon Carlo,BOS,D,22,0,4,12,14,0,0,0,0,1,34,409,31,47,0,0,carlobr01
Lucas Carlsson,FLA,D,2,0,0,-1,2,0,0,0,0,0,2,20,1,3,0,0,carlslu01
Sam Carrick,ANA,C,13,0,2,0,21,0,0,0,0,0,14,128,6,21,42,51,carrisa01
Jackson Cates,PHI,C,5,0,0,0,0,0,0,0,0,0,4,45,1,3,9,10,catesja01
Erik Cernak,TBL,D,22,0,4,0,14,0,0,0,0,0,18,443,46,74,0,0,cernaer01
Jalen Chatfield,CAR,D,26,0,0,-2,15,0,0,0,0,0,26,338,26,35,0,0,chatfja01
Jake Christiansen,CBJ,D,11,0,1,-4,2,0,0,0,0,0,12,160,13,10,0,0,chrisja01
Nick Cicek,SJS,D,10,0,4,-3,11,0,0,0,0,0,1,150,11,14,0,0,cicekni01
Anthony Cirelli,TBL,C,3,0,3,3,0,0,0,0,0,0,12,45,3,2,15,19,cirelan01
Kale Clague,BUF,D,7,0,1,-2,2,0,0,0,0,0,5,110,5,8,0,0,claguka01
Brandt Clarke,LAK,D,9,0,2,-1,6,0,0,0,1,0,11,123,14,3,0,0,clarkbr02
Kyle Clifford,TOR,LW,2,0,1,1,2,0,0,0,0,0,2,16,0,6,0,0,cliffky01
Dylan Coghlan,CAR,D,6,0,0,-1,2,0,0,0,0,0,10,85,3,7,0,0,coghldy01
Laurent Dauphin,ARI,C,1,0,0,0,0,0,0,0,0,0,1,8,0,0,4,1,dauphla01
Dylan DeMelo,WPG,D,22,0,6,4,12,0,0,0,0,2,23,402,24,41,0,0,demeldy01
Semyon Der-Arguchintsev,TOR,C,1,0,0,1,0,0,0,0,0,0,0,7,0,0,0,0,derarse01
Nick DeSimone,CGY,D,4,0,0,-4,2,0,0,0,0,0,4,45,4,2,0,0,desimni01
Brenden Dillon,WPG,D,26,0,5,2,42,0,0,0,0,1,34,513,35,73,0,0,dillobr01
Jonathan Drouin,MTL,LW,12,0,4,-4,0,0,0,0,2,0,11,161,3,6,3,4,drouijo01
Jack Drury,CAR,C,14,0,1,0,10,0,0,0,0,0,23,141,7,4,34,23,druryja01
Jamie Drysdale,ANA,D,8,0,0,-3,2,0,0,0,0,0,8,141,6,7,0,0,drysdja01
Brian Dumoulin,PIT,D,27,0,6,0,2,0,0,0,0,0,19,538,53,42,0,0,dumoubr01
Alexander Edler,LAK,D,25,0,5,-4,16,0,0,0,0,0,24,377,40,43,0,0,edleral01
Nikolaj Ehlers,WPG,LW,2,0,3,0,0,0,0,0,1,0,7,38,1,2,0,0,ehlerni01
Andreas Englund,COL,D,8,0,1,-3,5,0,0,0,0,0,4,94,6,32,0,0,engluan01
Jake Evans,MTL,C,26,0,4,-9,9,0,0,0,0,0,24,362,22,5,164,142,evansja02
Dante Fabbro,NSH,D,23,0,4,-1,16,0,0,0,0,0,30,367,27,28,0,0,fabbrda01
Casey Fitzgerald,BUF,D,18,0,1,-4,2,0,0,0,0,0,10,229,7,22,0,0,fitzgca01
Trey Fix-Wolansky,CBJ,RW,4,0,0,0,0,0,0,0,0,0,6,40,4,5,0,0,fixwotr01
Cale Fleury,SEA,D,3,0,0,1,0,0,0,0,0,0,4,41,4,8,0,0,fleurca01
Haydn Fleury,TBL,D,13,0,1,-1,2,0,0,0,0,0,14,155,10,18,0,0,fleurha01
Steven Fogarty,MIN,C,2,0,0,0,0,0,0,0,0,0,0,21,0,3,2,2,fogarst01
Gabriel Fortier,TBL,LW,1,0,0,0,0,0,0,0,0,0,0,8,0,1,0,0,fortiga01
Jean-Luc Foudy,COL,C,5,0,0,-3,6,0,0,0,0,0,10,57,1,1,0,3,foudyje01
Liam Foudy,CBJ,C,14,0,3,-9,4,0,0,0,0,0,7,151,3,12,0,3,foudyli01
Alex Galchenyuk,COL,C,4,0,0,-3,4,0,0,0,0,0,2,39,2,4,2,1,galchal01
Brendan Gaunce,CBJ,C,5,0,1,-1,2,0,0,0,0,0,9,52,2,4,33,23,gauncbr01
Glenn Gawdin,ANA,C,3,0,0,-1,0,0,0,0,0,0,3,29,3,4,8,14,gawdigl01
Dennis Gilbert,CGY,D,7,0,1,-1,15,0,0,0,0,0,5,78,6,18,0,0,gilbede01
David Gustafsson,WPG,C,25,0,3,3,2,0,0,0,0,1,24,256,12,10,54,75,gustada01
Erik Gustafsson,WSH,D,29,0,10,-8,15,0,0,0,4,0,40,556,29,22,0,0,gustaer02
Robert Hagg,DET,D,13,0,2,-8,10,0,0,0,0,0,19,204,17,36,0,0,haggro01
Filip Hallander,PIT,C,2,0,0,0,0,0,0,0,0,0,0,20,3,1,0,0,hallafi01
James Hamblin,EDM,F,6,0,0,-2,0,0,0,0,0,0,6,53,1,0,16,10,hamblja01
Joel Hanley,DAL,D,8,0,0,4,13,0,0,0,0,0,6,88,9,8,0,0,hanlejo01
Barrett Hayton,ARI,C,25,0,3,-11,10,0,0,0,1,0,38,373,6,34,149,142,haytoba01
Ville Heinola,WPG,D,2,0,0,-2,0,0,0,0,0,0,0,25,2,0,0,0,heinovi01
Vinnie Hinostroza,BUF,C,15,0,8,-1,4,0,0,0,0,1,17,189,3,1,0,3,hinosvi01
Hayden Hodgson,PHI,RW,1,0,0,0,0,0,0,0,0,0,0,5,0,0,0,0,hodgsha01
Mac Hollowell,TOR,D,6,0,2,3,2,0,0,0,0,0,4,78,6,3,0,0,holloma01
Simon Holmström,NYI,RW,8,0,1,1,0,0,0,0,0,0,3,89,2,0,0,3,holmssi01
Charles Hudon,COL,LW,3,0,0,-2,2,0,0,0,0,0,13,44,2,5,1,1,hudonch01
Quinn Hughes,VAN,D,23,0,25,0,8,0,0,0,13,0,43,574,26,1,0,0,hughequ01
Brad Hunt,COL,D,1,0,0,-1,0,0,0,0,0,0,1,10,0,0,0,0,huntbr01
Ben Hutton,VEG,D,3,0,0,-1,0,0,0,0,0,0,3,31,3,0,0,0,huttobe01
Matt Irwin,WSH,D,19,0,1,3,12,0,0,0,0,0,24,236,23,49,0,0,irwinma01
David Jiricek,CBJ,D,2,0,0,-4,2,0,0,0,0,0,4,31,4,5,0,0,jiricda01
Lucas Johansen,WSH,D,1,0,0,0,0,0,0,0,0,0,1,12,1,0,0,0,johanlu01
Erik Johnson,COL,D,25,0,5,7,6,0,0,0,0,0,41,429,50,44,0,0,johnser01
Jack Johnson,CHI,D,26,0,4,-11,10,0,0,0,0,1,32,529,47,34,0,0,johnsja02
Ross Johnston,NYI,LW,5,0,1,-1,14,0,0,0,0,0,2,44,2,11,1,0,johnsro02
Pierre-Olivier Joseph,PIT,D,23,0,7,12,12,0,0,0,0,0,32,342,8,34,0,0,joseppi01
Noah Juulsen,VAN,D,2,0,0,-1,0,0,0,0,0,0,1,22,3,4,0,0,juulsno01
Ondrej Kase,CAR,RW,1,0,0,0,0,0,0,0,0,0,0,11,0,1,0,1,kaseon01
Parker Kelly,OTT,F,24,0,1,-4,18,0,0,0,0,0,16,209,9,54,2,4,kellypa01
Filip Kral,TOR,D,2,0,0,0,2,0,0,0,0,0,1,20,1,2,0,0,kralfi01
Maxime Lajoie,CAR,D,1,0,0,0,0,0,0,0,0,0,1,14,0,0,0,0,lajoima01
Jacob Larsson,OTT,D,3,0,0,-1,4,0,0,0,0,0,2,38,2,3,0,0,larssja01
Jeremy Lauzon,NSH,D,20,0,1,-4,32,0,0,0,0,0,20,318,21,66,0,0,lauzoje01
Nick Leddy,STL,D,27,0,9,-3,8,0,0,0,0,0,31,573,35,21,0,0,leddyni01
Brendan Lemieux,LAK,LW,15,0,3,-2,28,0,0,0,0,0,15,142,7,42,4,3,lemiebr01
Jake Leschyshyn,VEG,C,10,0,0,1,4,0,0,0,0,0,10,101,3,22,41,36,leschja01
Ryan Lindgren,NYR,D,27,0,8,7,31,0,0,0,0,0,38,493,48,35,0,0,lindgry01
Gustav Lindstrom,DET,D,14,0,1,-8,6,0,0,0,0,0,9,197,12,19,0,0,lindsgu01
William Lockwood,VAN,RW,1,0,1,1,0,0,0,0,0,0,1,10,2,2,0,0,lockwwi01
Milan Lucic,CGY,LW,27,0,5,-7,16,0,0,0,0,0,22,280,4,58,7,8,lucicmi01
Olle Lycksell,PHI,RW,1,0,0,0,2,0,0,0,0,0,0,9,0,0,0,0,lycksol01
Ilya Lyubushkin,BUF,D,17,0,1,0,18,0,0,0,0,0,8,262,27,36,0,0,lyubuil01
Kurtis MacDermid,COL,D,8,0,1,-1,14,0,0,0,0,0,3,63,1,22,0,0,macdeku01
Jacob MacDonald,COL,D,18,0,1,-3,7,0,0,0,0,0,21,201,11,20,0,0,macdoja02
Connor Mackey,CGY,D,5,0,1,-4,4,0,0,0,0,0,4,53,4,6,0,0,mackeco01
Brad Malone,EDM,C,9,0,0,-3,4,0,0,0,0,0,7,69,4,25,24,16,malonbr01
Mikhail Maltsev,COL,LW,5,0,0,0,0,0,0,0,0,0,4,33,2,4,14,13,maltsmi01
Kirill Marchenko,CBJ,RW,3,0,0,0,0,0,0,0,0,0,3,37,2,3,0,0,marchki01
Pat Maroon,TBL,LW,26,0,4,-6,42,0,0,0,1,0,25,250,2,51,2,4,maroopa01
Alec Martinez,VEG,D,29,0,4,8,12,0,0,0,0,0,23,577,115,16,0,0,martial01
Dysin Mayo,ARI,D,13,0,0,-7,6,0,0,0,0,0,6,156,18,28,0,0,mayody01
Ryan McDonagh,NSH,D,23,0,6,5,8,0,0,0,0,0,20,466,48,19,0,0,mcdonry01
Connor McMichael,WSH,C,6,0,0,0,5,0,0,0,0,0,2,53,3,2,2,1,mcmicco01
Brayden McNabb,VEG,D,29,0,9,14,12,0,0,0,0,2,40,583,66,68,0,0,mcnabbr01
Jaycob Megna,SJS,D,28,0,8,5,8,0,0,0,0,1,26,511,37,36,0,0,megnaja02
Jayson Megna,TOT,C,15,0,0,-2,2,0,0,0,0,0,6,112,2,21,36,37,megnaja01
Victor Mete,TOR,D,11,0,2,3,4,0,0,0,0,0,7,144,9,3,0,0,metevi01
Carson Meyer,CBJ,RW,4,0,0,-2,0,0,0,0,0,0,3,34,2,6,0,0,meyerca01
Niko Mikkola,STL,D,26,0,2,6,17,0,0,0,0,0,14,421,45,54,0,0,mikkoni01
Daniil Miromanov,VEG,D,4,0,0,-2,0,0,0,0,0,0,4,64,3,2,0,0,miromda01
Ian Mitchell,CHI,D,4,0,0,-6,0,0,0,0,0,0,1,63,2,0,0,0,mitchia01
Jacob Moverare,LAK,D,2,0,0,-1,0,0,0,0,0,0,6,30,4,3,0,0,moverja01
Ryan Murray,EDM,D,13,0,3,-4,4,0,0,0,0,0,8,171,12,11,0,0,murrary01
Jake Muzzin,TOR,D,4,0,1,0,2,0,0,0,0,0,8,67,10,11,0,0,muzzija01
Tyler Myers,VAN,D,24,0,5,5,41,0,0,0,0,0,30,486,36,30,0,0,myersty01
Patrik Nemeth,ARI,D,20,0,2,2,10,0,0,0,0,0,14,332,29,31,0,0,nemetpa01
Markus Niemeläinen,EDM,D,15,0,0,1,4,0,0,0,0,0,10,146,11,45,0,0,niemema01
Drew O'Connor,PIT,F,3,0,0,-1,0,0,0,0,0,0,4,26,1,8,9,9,oconndr01
Oskar Olausson,COL,RW,1,0,0,0,0,0,0,0,0,0,0,7,0,0,0,0,olausos01
Gustav Olofsson,SEA,D,1,0,0,1,0,0,0,0,0,0,2,10,0,0,0,0,olofsgu01
Dmitry Orlov,WSH,D,13,0,5,3,2,0,0,0,1,0,26,277,16,30,0,0,orlovdm01
Nic Petan,MIN,C,8,0,2,3,2,0,0,0,0,0,6,90,3,3,0,1,petanni01
Jacob Peterson,DAL,C,1,0,0,-2,0,0,0,0,0,0,1,12,1,0,0,0,peterja01
Marcus Pettersson,PIT,D,27,0,10,6,15,0,0,0,0,0,38,548,54,60,0,0,pettema01
Lawrence Pilut,BUF,D,14,0,1,-4,0,0,0,0,0,0,12,177,15,5,0,0,pilutla01
Vasily Podkolzin,VAN,RW,16,0,3,-2,9,0,0,0,0,0,18,201,7,21,2,4,podkova01
Tucker Poolman,VAN,D,3,0,1,1,0,0,0,0,0,0,3,42,2,2,0,0,poolmtu01
Samuel Poulin,PIT,RW,3,0,1,-3,2,0,0,0,1,0,2,30,1,3,8,9,poulisa01
Owen Power,BUF,D,27,0,10,9,14,0,0,0,2,1,36,638,33,10,0,0,powerow01
Sampo Ranta,COL,LW,5,0,0,0,2,0,0,0,0,0,5,36,2,7,0,1,rantasa01
Jack Rathbone,VAN,D,6,0,1,-3,0,0,0,0,0,0,7,93,3,1,0,0,rathbja01
Ryan Reaves,TOT,RW,19,0,3,-3,14,0,0,0,0,0,8,175,7,60,3,5,reavery01
Alec Regula,CHI,D,4,0,0,-3,4,0,0,0,0,0,2,66,8,4,0,0,regulal01
Lukas Reichel,CHI,LW,1,0,0,-1,0,0,0,0,0,0,0,14,0,0,3,1,reichlu01
Mike Reilly,BOS,D,10,0,1,0,2,0,0,0,0,0,12,167,10,21,0,0,reillmi01
Dan Renouf,BOS,D,1,0,0,-3,0,0,0,0,0,0,5,12,2,1,0,0,renouda01
Morgan Rielly,TOR,D,20,0,16,-1,7,0,0,0,6,0,34,460,24,22,0,0,riellmo01
Rasmus Ristolainen,PHI,D,21,0,0,-4,14,0,0,0,0,0,18,382,49,58,0,0,ristora01
Buddy Robinson,CHI,RW,1,0,0,-1,0,0,0,0,0,0,0,11,0,3,0,0,robinbu01
Alexander Romanov,NYI,D,28,0,8,4,19,0,0,0,0,0,38,557,58,76,0,0,romanal01
Kevin Rooney,CGY,C,17,0,1,-2,7,0,0,0,0,0,14,151,10,26,44,61,rooneke01
Marco Rossi,MIN,C,16,0,1,-4,6,0,0,0,0,0,11,199,7,4,56,67,rossima01
Chad Ruhwedel,PIT,D,11,0,1,3,6,0,0,0,0,0,8,145,7,13,0,0,ruhwech01
Jonas Røndbjerg,VEG,RW,1,0,0,-1,2,0,0,0,0,0,0,8,0,0,0,0,rondbjo01
Kevin Shattenkirk,ANA,D,24,0,8,-1,24,0,0,0,0,0,52,426,31,30,0,0,shattke01
Riley Sheahan,BUF,C,2,0,0,-2,4,0,0,0,0,0,0,17,1,0,7,3,sheahri01
Devin Shore,EDM,C,23,0,3,3,2,0,0,0,0,0,14,197,12,26,40,33,shorede01
Wayne Simmonds,TOR,RW,6,0,1,0,4,0,0,0,0,0,6,47,3,12,0,0,simmowa01
Brendan Smith,NJD,D,27,0,1,0,27,0,0,0,0,0,25,374,25,46,0,0,smithbr05
Cole Smith,NSH,F,24,0,6,2,28,0,0,0,0,0,21,281,6,66,0,3,smithco02
Givani Smith,DET,RW,2,0,0,-3,0,0,0,0,0,0,3,20,1,4,0,0,smithgi01
Joe Snively,WSH,F,5,0,1,-1,0,0,0,0,0,0,9,60,2,2,1,0,snivejo01
Nikita Soshnikov,NYI,RW,3,0,0,-2,0,0,0,0,0,0,4,30,0,8,0,1,soshnni01
Eric Staal,FLA,C,20,0,3,-4,2,0,0,0,0,0,29,258,12,7,97,126,staaler01
Marc Staal,FLA,D,27,0,4,-3,6,0,0,0,0,0,21,482,33,52,0,0,staalma01
Logan Stanley,WPG,D,7,0,1,0,6,0,0,0,0,0,5,95,8,20,0,0,stanllo01
Paul Stastny,CAR,C,25,0,6,-2,12,0,0,0,1,0,22,272,4,12,60,36,stastpa01
Troy Stecher,ARI,D,25,0,2,-3,19,0,0,0,0,0,31,427,37,25,0,0,stechtr01
Derek Stepan,CAR,C,23,0,1,-1,4,0,0,0,0,0,38,206,6,8,72,69,stepade01
Riley Stillman,VAN,D,15,0,3,-5,14,0,0,0,0,0,17,227,13,22,0,0,stillri01
Anton Stralman,BOS,D,8,0,0,-3,2,0,0,0,0,0,3,123,10,12,0,0,stralan01
Austin Strand,ANA,D,5,0,0,-2,2,0,0,0,0,0,5,62,4,5,0,0,stranau01
C.J. Suess,SJS,LW,1,0,0,-1,2,0,0,0,0,0,0,6,0,1,0,1,frankcl01
Ryan Suter,DAL,D,27,0,4,-6,14,0,0,0,1,0,30,592,42,36,0,0,suterry01
Chris Tanev,CGY,D,22,0,5,0,4,0,0,0,0,0,20,442,49,19,0,0,tanevch01
Teuvo Teravainen,CAR,F,16,0,7,1,2,0,0,0,1,0,35,263,4,8,7,4,teravte01
Lassi Thomson,OTT,D,2,0,0,-2,4,0,0,0,0,0,1,22,0,2,0,0,thomsla01
Conor Timmins,TOT,D,4,0,1,-1,0,0,0,0,1,0,4,48,1,5,0,0,timmico01
Dominic Toninato,WPG,C,4,0,1,1,2,0,0,0,0,0,5,28,1,4,3,5,tonindo01
Jacob Trouba,NYR,D,29,0,8,-5,35,0,0,0,0,1,84,614,71,96,0,0,troubja01
Tyler Tucker,STL,D,4,0,0,0,5,0,0,0,0,0,4,52,6,8,0,0,tuckety01
Urho Vaakanainen,ANA,D,6,0,0,-5,0,0,0,0,0,0,6,104,9,4,0,0,vaakaur01
Jeffrey Viel,SJS,F,1,0,0,0,2,0,0,0,0,0,1,7,1,2,0,0,vielje01
Marc-Edouard Vlasic,SJS,D,30,0,8,-6,0,0,0,0,0,0,27,551,46,13,0,0,vlasima01
Nathan Walker,STL,C,15,0,1,-2,11,0,0,0,0,0,9,156,17,23,2,2,walkena01
MacKenzie Weegar,CGY,D,27,0,6,4,22,0,0,0,0,0,49,564,41,60,0,0,weegama01
Colton White,ANA,D,14,0,1,-4,6,0,0,0,0,0,9,178,11,7,0,0,whiteco03
Chris Wideman,MTL,D,14,0,4,2,25,0,0,0,2,0,17,206,14,5,0,0,widemch01
Maxwell Willman,PHI,C,8,0,0,-3,4,0,0,0,0,0,9,75,5,14,0,2,willmma01
Cameron York,PHI,D,1,0,0,-1,0,0,0,0,0,0,0,18,1,1,0,0,yorkca01
Filip Zadina,DET,RW,9,0,0,-3,4,0,0,0,0,0,12,126,5,9,0,2,zadinfi01
Nikita Zaitsev,OTT,D,11,0,1,-3,6,0,0,0,0,0,4,179,15,23,0,0,zaitsni01
Yegor Zamula,PHI,D,11,0,2,-1,0,0,0,0,0,0,6,151,8,6,0,0,zamulye01
Radim Zohorna,CGY,F,1,0,0,0,0,0,0,0,0,0,0,7,0,0,1,2,zohorra01